Gene,data,mlm,mm,significance,pvalue,fdr,effect,estimate,Result,Construct
Region_1,,,,,0.7252601246597767,0.8591833206307627,fixed,-6.502063592293542e-4,NoChange,KRAB
Region_2,,,,,0.08538753785298228,0.26921010874769435,fixed,-0.011651194505046723,NoChange,KRAB
Region_3,,,,,0.09552653979484986,0.28225560355872936,fixed,0.01127384139350419,NoChange,KRAB
Region_4,,,,,0.0027316106931701534,0.04524540620869109,fixed,0.014729868446882193,Enriched,KRAB
Region_5,,,,,0.11068368996006354,0.30099355687647134,fixed,-0.008143855269364616,NoChange,KRAB
Region_6,,,,,0.04335338116354023,0.18849849996857512,fixed,0.006453760953357669,NoChange,KRAB
Region_7,,,,,0.004246918624262189,0.05862034646519476,fixed,-0.013554290632340175,NoChange,KRAB
Region_8,,,,,0.21730441639466325,0.4409826859231043,fixed,-0.009445293666015663,NoChange,KRAB
Region_9,,,,,0.29529231059565025,0.5295497932138531,fixed,-0.0056394772225502165,NoChange,KRAB
Region_10,,,,,0.4748790574204945,0.6791441464836271,fixed,0.0035987618281240513,NoChange,KRAB
Region_11,,,,,0.971731221907674,0.9848969478903709,fixed,2.8952199214704035e-4,NoChange,KRAB
Region_12,,,,,0.9273157745563185,0.9610770130029151,fixed,3.424509169091284e-4,NoChange,KRAB
Region_13,,,,,0.006609852380175445,0.07084206492164506,fixed,-0.007857432286348796,NoChange,KRAB
Region_14,,,,,0.3952992200213703,0.6147307876653898,fixed,-0.0036139974997590873,NoChange,KRAB
Region_15,,,,,0.1448877370708567,0.3501133381208235,fixed,-0.008798759290567688,NoChange,KRAB
Region_16,,,,,0.15702039061866524,0.36678352782975393,fixed,-0.005366911537466213,NoChange,KRAB
Region_17,,,,,0.39562454777613665,0.6147307876653898,fixed,0.0028583716175690664,NoChange,KRAB
Region_18,,,,,0.05408526785177306,0.20966671920410748,fixed,-0.008495561657602851,NoChange,KRAB
Region_19,,,,,0.9132683025165724,0.9556146332004234,fixed,-4.0600356703597655e-4,NoChange,KRAB
Region_20,,,,,0.25897862237684305,0.49357641210314646,fixed,-0.004465597661460812,NoChange,KRAB
Region_21,,,,,6.366750668221447e-4,0.01705914664338158,fixed,-0.02444079009438312,Depleted,KRAB
Region_22,,,,,0.23519858345575886,0.4647850532064996,fixed,0.0029526089254175835,NoChange,KRAB
Region_23,,,,,0.2517432543412187,0.48666092572571573,fixed,-0.0033753077299482786,NoChange,KRAB
Region_24,,,,,0.23854437221790964,0.46641866528821513,fixed,0.004107535839649626,NoChange,KRAB
Region_25,,,,,0.1492107380552551,0.3549018961805556,fixed,-0.0055513347935930175,NoChange,KRAB
Region_26,,,,,0.004408519824611128,0.05906119941501085,fixed,-0.01391892786581754,NoChange,KRAB
Region_27,,,,,0.0012602580180433622,0.026093069419034155,fixed,-0.01246164800735339,Depleted,KRAB
Region_28,,,,,0.18324540115504273,0.4071623425664486,fixed,-0.005689752336755581,NoChange,KRAB
Region_29,,,,,0.23689723977850904,0.4661196229767208,fixed,-0.005791317772035224,NoChange,KRAB
Region_30,,,,,0.29846599118368494,0.5331421920947784,fixed,-0.0069097997513727465,NoChange,KRAB
Region_31,,,,,0.03698751907099552,0.17923207379615383,fixed,-0.00667931712831487,NoChange,KRAB
Region_32,,,,,0.012166940518446306,0.10422601679164224,fixed,0.013150853797060429,NoChange,KRAB
Region_33,,,,,0.39609985988977364,0.6147307876653898,fixed,0.004545183014998829,NoChange,KRAB
Region_34,,,,,0.027721060973477075,0.15305385785962192,fixed,0.005315374622591213,NoChange,KRAB
Region_35,,,,,0.08025186131343003,0.26533449462563335,fixed,0.0046354057258377705,NoChange,KRAB
Region_36,,,,,0.022440901776469634,0.140025078892903,fixed,0.009423896332712312,NoChange,KRAB
Region_37,,,,,0.09014287345651564,0.2778427578027147,fixed,-0.005057309424627807,NoChange,KRAB
Region_38,,,,,0.0945787519113311,0.28157268951379943,fixed,0.01066535545026101,NoChange,KRAB
Region_39,,,,,0.5332349768506811,0.7287327395798809,fixed,-0.0011211245487251374,NoChange,KRAB
Region_40,,,,,0.9617533086904831,0.9767639511895542,fixed,-1.695790798111909e-4,NoChange,KRAB
Region_41,,,,,0.2313260624359761,0.4601267311772363,fixed,0.00517180939748079,NoChange,KRAB
Region_42,,,,,0.42086837684597944,0.6368955005094473,fixed,-0.004556396406432988,NoChange,KRAB
Region_43,,,,,0.9097873793684511,0.9553399557631965,fixed,-4.1483635628690604e-4,NoChange,KRAB
Region_44,,,,,0.6691855222135177,0.8240797028493702,fixed,0.002346795434174669,NoChange,KRAB
Region_45,,,,,0.20266297465325395,0.4263879212681625,fixed,-0.0067662939569816906,NoChange,KRAB
Region_46,,,,,0.4414567667575838,0.6518105583730289,fixed,-0.003079238316601354,NoChange,KRAB
Region_47,,,,,0.17342120738705163,0.39218793636698907,fixed,-0.005157384978181457,NoChange,KRAB
Region_48,,,,,0.685402253266183,0.8357296095926852,fixed,-0.0015497602185589518,NoChange,KRAB
Region_49,,,,,0.09937214308959581,0.28571795827462404,fixed,0.007256263605845266,NoChange,KRAB
Region_50,,,,,1.2543104439118911e-4,0.007617845429358219,fixed,0.02857886346378066,Enriched,KRAB
Region_51,,,,,0.02754967157899442,0.15305385785962192,fixed,0.0049891822854941726,NoChange,KRAB
Region_52,,,,,9.93775095945782e-4,0.022244605646890576,fixed,-0.018988795996179177,Depleted,KRAB
Region_53,,,,,0.818091965037705,0.9153873223900283,fixed,8.171061219446721e-4,NoChange,KRAB
Region_54,,,,,0.4125829791604732,0.6273232534529373,fixed,-0.005416641651914543,NoChange,KRAB
Region_55,,,,,0.01948619436139696,0.13528283502049732,fixed,0.00928936407231304,NoChange,KRAB
Region_56,,,,,0.005914819848890877,0.06820760610556441,fixed,-0.014394036817766468,NoChange,KRAB
Region_57,,,,,0.1982575050531759,0.4229802976661434,fixed,0.0032033197612193645,NoChange,KRAB
Region_58,,,,,0.31348208146050976,0.5439660499248083,fixed,-0.00425742158501445,NoChange,KRAB
Region_59,,,,,0.9409425026857406,0.96858601123922,fixed,4.862607558346959e-4,NoChange,KRAB
Region_60,,,,,0.9805326909254746,0.9892195807675607,fixed,8.81662826459556e-5,NoChange,KRAB
Region_61,,,,,0.1257832468031968,0.32461342163657875,fixed,0.006076593449834569,NoChange,KRAB
Region_62,,,,,0.019908952755861884,0.13528283502049732,fixed,-0.004384553599699159,NoChange,KRAB
Region_63,,,,,0.07839625205090141,0.2625698000675411,fixed,0.010386846491206211,NoChange,KRAB
Region_64,,,,,0.11893510831659544,0.31314995282201863,fixed,-0.006706894910139017,NoChange,KRAB
Region_65,,,,,0.01685665085215754,0.12607670439767585,fixed,0.007138088011706154,NoChange,KRAB
Region_66,,,,,0.880018773356705,0.9487968270128289,fixed,-5.352912588292279e-4,NoChange,KRAB
Region_67,,,,,0.01749952393369071,0.12856505083542127,fixed,-0.013870196855554637,NoChange,KRAB
Region_68,,,,,0.006867447635994484,0.07109369086807926,fixed,-0.013272263599240294,NoChange,KRAB
Region_69,,,,,0.6934356843664443,0.8379726601425344,fixed,0.0015163519209309224,NoChange,KRAB
Region_70,,,,,0.4505847149339244,0.6578840715376486,fixed,-0.006269613505399405,NoChange,KRAB
Region_71,,,,,0.08153160160560256,0.26533449462563335,fixed,-0.0038248500988745703,NoChange,KRAB
Region_72,,,,,0.051989764587201094,0.2080895041327309,fixed,0.010501800964397607,NoChange,KRAB
Region_73,,,,,0.8022413338147909,0.9090072824692469,fixed,0.002426939488763185,NoChange,KRAB
Region_74,,,,,0.15555757897304637,0.364300654098831,fixed,0.0034288198828052573,NoChange,KRAB
Region_75,,,,,0.34545007071683187,0.5656135687466287,fixed,-0.005079512970176797,NoChange,KRAB
Region_76,,,,,0.8013301937546954,0.9090072824692469,fixed,-7.522858161237884e-4,NoChange,KRAB
Region_77,,,,,0.6932990017859224,0.8379726601425344,fixed,0.0014657671933625985,NoChange,KRAB
Region_78,,,,,0.7849649429349135,0.9010677170374786,fixed,8.126036536756789e-4,NoChange,KRAB
Region_79,,,,,0.4271243609367263,0.6415422345107167,fixed,-0.0027505450646917624,NoChange,KRAB
Region_80,,,,,0.03741589626609074,0.17966478057560453,fixed,-0.00637055190341751,NoChange,KRAB
Region_81,,,,,0.25267905364244075,0.48666092572571573,fixed,0.005071630478963867,NoChange,KRAB
Region_82,,,,,0.008771232716654136,0.08592035489109588,fixed,0.013420469965410858,NoChange,KRAB
Region_83,,,,,0.2232973530374474,0.4480702392447458,fixed,-0.003607598528940164,NoChange,KRAB
Region_84,,,,,0.3880608048832064,0.6108511227420528,fixed,0.0020921240537592443,NoChange,KRAB
Region_85,,,,,0.9790168526707027,0.9887853135066632,fixed,-2.3314483624200507e-4,NoChange,KRAB
Region_86,,,,,0.2775385104141626,0.5111690127413173,fixed,-0.005907255734303646,NoChange,KRAB
Region_87,,,,,0.055596037631751694,0.2137046003482101,fixed,-0.006391325973218945,NoChange,KRAB
Region_88,,,,,0.04427955981698691,0.18849849996857512,fixed,-0.005408564156765372,NoChange,KRAB
Region_89,,,,,0.20737833784851167,0.43330657288989477,fixed,-0.010963759698999551,NoChange,KRAB
Region_90,,,,,0.549703097394359,0.7429963230359956,fixed,0.002009963335615398,NoChange,KRAB
Region_91,,,,,0.9476770972577172,0.9722227878398426,fixed,1.7525770994059465e-4,NoChange,KRAB
Region_92,,,,,0.23909716431349776,0.46641866528821513,fixed,-0.0019013950805187153,NoChange,KRAB
Region_93,,,,,0.09697245190257782,0.2840575681133389,fixed,-0.006819792588525158,NoChange,KRAB
Region_94,,,,,0.005528394570330066,0.06456881350731654,fixed,0.007572029001888197,NoChange,KRAB
Region_95,,,,,0.11376817311974712,0.30469154818716615,fixed,0.021067405075364226,NoChange,KRAB
Region_96,,,,,0.45173909753437314,0.6578840715376486,fixed,-0.0018631722441717587,NoChange,KRAB
Region_97,,,,,0.9028935483968629,0.9552861219848467,fixed,7.264752934145527e-4,NoChange,KRAB
Region_98,,,,,0.3591658571512464,0.5780920421639318,fixed,0.002627874547036164,NoChange,KRAB
Region_99,,,,,0.9273179960807492,0.9610770130029151,fixed,2.7454536606770963e-4,NoChange,KRAB
Region_100,,,,,0.4241943843102826,0.6405463666726309,fixed,0.002419286773445501,NoChange,KRAB
Region_101,,,,,0.6721372281999266,0.8263387515386412,fixed,-0.0014326900432756228,NoChange,KRAB
Region_102,,,,,0.08985306172591487,0.2778427578027147,fixed,-0.009085210882802524,NoChange,KRAB
Region_103,,,,,0.3483867185434739,0.5687819007044888,fixed,0.006429570196042503,NoChange,KRAB
Region_104,,,,,0.8708634156934787,0.9422287074783362,fixed,5.812531477473355e-4,NoChange,KRAB
Region_105,,,,,0.47905995002942675,0.6829790523893705,fixed,-0.004745898415077044,NoChange,KRAB
Region_106,,,,,0.13265937164802444,0.330198599921722,fixed,0.004508730651895025,NoChange,KRAB
Region_107,,,,,0.36557187925991635,0.5873650476292483,fixed,0.00584138985175602,NoChange,KRAB
Region_108,,,,,0.43445306035130865,0.645655363752108,fixed,0.0024673754908197424,NoChange,KRAB
Region_109,,,,,0.7063029543588178,0.846634199238004,fixed,-0.00279026716663586,NoChange,KRAB
Region_110,,,,,0.06417454983788438,0.23016935000910502,fixed,-0.010391604568564968,NoChange,KRAB
Region_111,,,,,0.43604804585449064,0.6459183248348633,fixed,-0.0031219671049939023,NoChange,KRAB
Region_112,,,,,0.18719796839330413,0.4149327231296838,fixed,0.0071998067599562815,NoChange,KRAB
Region_113,,,,,0.5135699559813911,0.7142934807619042,fixed,-0.006327783123289329,NoChange,KRAB
Region_114,,,,,0.7656662669785902,0.890832655450186,fixed,-0.0018975675242808383,NoChange,KRAB
Region_115,,,,,2.47977462508788e-4,0.010124545953421639,fixed,0.022005088148586392,Enriched,KRAB
Region_116,,,,,0.1925108219601807,0.4196501921107951,fixed,0.006207882888996605,NoChange,KRAB
Region_117,,,,,0.2629072504946224,0.49897605250125204,fixed,-0.004386682187862553,NoChange,KRAB
Region_118,,,,,0.12828982843055337,0.3264581946933914,fixed,-0.019971558949818023,NoChange,KRAB
Region_119,,,,,0.15806874349362157,0.36828804430355305,fixed,-0.008693483933058578,NoChange,KRAB
Region_120,,,,,0.855708802274365,0.9369599986441665,fixed,5.53889630778672e-4,NoChange,KRAB
Region_121,,,,,0.43209728643594136,0.6453125048248239,fixed,0.0027576008520628966,NoChange,KRAB
Region_122,,,,,0.4520696254473853,0.6578840715376486,fixed,-0.003335373340692484,NoChange,KRAB
Region_123,,,,,0.21574480689207765,0.44068053605085816,fixed,-0.012718790616878008,NoChange,KRAB
Region_124,,,,,0.8651507919819753,0.941639631416463,fixed,0.0010942886138257007,NoChange,KRAB
Region_125,,,,,0.03921397879812704,0.1822649728831313,fixed,0.008730985486354549,NoChange,KRAB
Region_126,,,,,0.6591736646370321,0.819892706779881,fixed,0.0011404234181650796,NoChange,KRAB
Region_127,,,,,0.4489033477350213,0.6578840715376486,fixed,0.0029659126861849277,NoChange,KRAB
Region_128,,,,,0.6236178698933745,0.8015260706827297,fixed,-0.001767984116718114,NoChange,KRAB
Region_129,,,,,0.031190123593292114,0.16330001490510987,fixed,-0.00339680827802657,NoChange,KRAB
Region_130,,,,,0.663682970885401,0.8222256168356575,fixed,-0.004888584655343709,NoChange,KRAB
Region_131,,,,,0.08178584512262253,0.26533449462563335,fixed,-0.010354624163227879,NoChange,KRAB
Region_132,,,,,0.08258899562767415,0.26533449462563335,fixed,0.006913542178406414,NoChange,KRAB
Region_133,,,,,0.09143287515820621,0.2791622143165981,fixed,-0.015459052165499868,NoChange,KRAB
Region_134,,,,,0.014870459000355466,0.11482867106991873,fixed,-0.019765696315827228,NoChange,KRAB
Region_135,,,,,0.6813993608539854,0.8343478733037375,fixed,-0.0030970872409357736,NoChange,KRAB
Region_136,,,,,0.9566525407619428,0.9759355706989137,fixed,1.7940434964003413e-4,NoChange,KRAB
Region_137,,,,,0.8685556342353928,0.9419692652243367,fixed,-0.0016499071973745066,NoChange,KRAB
Region_138,,,,,0.13947439509750414,0.34156229552103834,fixed,-0.004748144587945726,NoChange,KRAB
Region_139,,,,,0.39092288561126126,0.6129617018792755,fixed,0.003693559750473002,NoChange,KRAB
Region_140,,,,,0.8014530764268089,0.9090072824692469,fixed,0.001119938391615752,NoChange,KRAB
Region_141,,,,,0.0637614757076851,0.22959171687628904,fixed,-0.015232598921080592,NoChange,KRAB
Region_142,,,,,0.9255994103709685,0.9610770130029151,fixed,-3.2466434294360505e-4,NoChange,KRAB
Region_143,,,,,0.3697252304488464,0.5913973042232824,fixed,-0.004233695453693537,NoChange,KRAB
Region_144,,,,,0.21351738781622145,0.4398625920688482,fixed,-0.0063992890328813,NoChange,KRAB
Region_145,,,,,1.475725229324549e-4,0.008253843492944078,fixed,-0.019232057833113825,Depleted,KRAB
Region_146,,,,,0.019162855994512295,0.13528283502049732,fixed,0.02288847227029949,NoChange,KRAB
Region_147,,,,,0.7975636442097587,0.9090072824692469,fixed,0.0018228305984444332,NoChange,KRAB
Region_148,,,,,0.0029876063154676215,0.04613066700662717,fixed,-0.007568026019576598,Depleted,KRAB
Region_149,,,,,4.2599936615440035e-5,0.0048306137562843295,fixed,-0.022801863961790955,Depleted,KRAB
Region_150,,,,,1.9078285992233746e-5,0.0028967197564874906,fixed,0.006438631230869649,Enriched,KRAB
Region_151,,,,,0.05103029852644118,0.20570177857339783,fixed,0.00711618757821385,NoChange,KRAB
Region_152,,,,,0.9426378024346066,0.9692359345574791,fixed,-2.8957280534450033e-4,NoChange,KRAB
Region_153,,,,,0.48281698077522583,0.6872597960722355,fixed,0.0046871813571753,NoChange,KRAB
Region_154,,,,,0.37665258455413875,0.5977883354160634,fixed,-0.0030936496898752944,NoChange,KRAB
Region_155,,,,,0.8910217957752709,0.95445594434845,fixed,-8.793961681394407e-4,NoChange,KRAB
Region_156,,,,,0.08853514292207626,0.2762175178151078,fixed,0.00915253864110763,NoChange,KRAB
Region_157,,,,,0.32526042888102036,0.5538546742254384,fixed,-0.002779423279564475,NoChange,KRAB
Region_158,,,,,0.08136473385503676,0.26533449462563335,fixed,-0.005822831972491613,NoChange,KRAB
Region_159,,,,,0.042439136219582715,0.18849849996857512,fixed,0.00722260582136474,NoChange,KRAB
Region_160,,,,,0.5509552300257633,0.7435855030421784,fixed,0.0013833704681280132,NoChange,KRAB
Region_161,,,,,0.1435696496193468,0.34877853547526644,fixed,-0.0047966657643328005,NoChange,KRAB
Region_162,,,,,0.9062526345516243,0.9552861219848467,fixed,3.6794248903950215e-4,NoChange,KRAB
Region_163,,,,,0.06287461258421359,0.22820227914031307,fixed,0.012029200628626228,NoChange,KRAB
Region_164,,,,,0.050756006457652283,0.205505430590761,fixed,-0.01371912844427229,NoChange,KRAB
Region_165,,,,,0.011847723908918095,0.10422601679164224,fixed,-0.013305192516766337,NoChange,KRAB
Region_166,,,,,0.40762468964527887,0.6241520579822617,fixed,-0.003695022490611584,NoChange,KRAB
Region_167,,,,,0.05345456974116978,0.2081073206589986,fixed,0.005590976208883904,NoChange,KRAB
Region_168,,,,,0.11679103127331568,0.30929252758718195,fixed,-0.008902118317330811,NoChange,KRAB
Region_169,,,,,0.19301242672246105,0.4196501921107951,fixed,0.004592287140014149,NoChange,KRAB
Region_170,,,,,0.12491920640354966,0.3232994233910049,fixed,-0.007718228056664358,NoChange,KRAB
Region_171,,,,,0.4400386868009265,0.6507714994734481,fixed,-0.005084498176821317,NoChange,KRAB
Region_172,,,,,0.5664446973011618,0.7542227976465499,fixed,-0.0039006294008769866,NoChange,KRAB
Region_173,,,,,0.6090094287594764,0.7901440321958969,fixed,-0.006630318407608173,NoChange,KRAB
Region_174,,,,,0.014751198288166296,0.11482867106991873,fixed,-0.018006835296283056,NoChange,KRAB
Region_175,,,,,0.0928497814905919,0.2791622143165981,fixed,0.017633595988656037,NoChange,KRAB
Region_176,,,,,0.6910288100559873,0.8379726601425344,fixed,-0.0015592329524475425,NoChange,KRAB
Region_177,,,,,0.020577293610668755,0.13583995999506693,fixed,-0.0058884994602697496,NoChange,KRAB
Region_178,,,,,0.8522643605350916,0.9343114710559186,fixed,0.0014833491063520078,NoChange,KRAB
Region_179,,,,,0.10323100845434928,0.2875421400247082,fixed,-0.007572491985506485,NoChange,KRAB
Region_180,,,,,0.9600615818959483,0.9766153444398011,fixed,2.2483132975257268e-4,NoChange,KRAB
Region_181,,,,,0.3022283512779037,0.5355270216438571,fixed,0.00962265697401009,NoChange,KRAB
Region_182,,,,,0.8284133086100389,0.9203469806631043,fixed,-7.968077879008697e-4,NoChange,KRAB
Region_183,,,,,0.6410886841458474,0.8066737448299268,fixed,0.0017687366397289657,NoChange,KRAB
Region_184,,,,,0.7023784702049365,0.8430392442117223,fixed,-0.0017175293948760704,NoChange,KRAB
Region_185,,,,,0.13623681679038416,0.3354371353947026,fixed,0.0077796256867299195,NoChange,KRAB
Region_186,,,,,0.02042461097951479,0.1358162087761896,fixed,0.015532962511561792,NoChange,KRAB
Region_187,,,,,0.09973469893669643,0.28571795827462404,fixed,-0.004193349497366065,NoChange,KRAB
Region_188,,,,,0.04391540507620569,0.18849849996857512,fixed,0.008977295959808371,NoChange,KRAB
Region_189,,,,,0.9203377615880082,0.9582030866362005,fixed,5.501653870261848e-4,NoChange,KRAB
Region_190,,,,,0.06089736229697639,0.2242872945394708,fixed,0.00765866057477383,NoChange,KRAB
Region_191,,,,,0.023559970157008624,0.14404787122842186,fixed,0.012165329114592012,NoChange,KRAB
Region_192,,,,,0.0046135358739346245,0.06004187401649204,fixed,-0.012684480572852631,NoChange,KRAB
Region_193,,,,,0.19133742324526887,0.4196501921107951,fixed,0.0061192604336489775,NoChange,KRAB
Region_194,,,,,0.038805443866049956,0.1816530853125697,fixed,0.011539669329735483,NoChange,KRAB
Region_195,,,,,0.5192667150858961,0.7200182305072319,fixed,0.0035056677668888823,NoChange,KRAB
Region_196,,,,,0.12795536772802313,0.3264581946933914,fixed,-0.017198926746600642,NoChange,KRAB
Region_197,,,,,0.6482349300016972,0.8111840950982776,fixed,0.0022392965645725996,NoChange,KRAB
Region_198,,,,,0.6335150254120541,0.802105713507242,fixed,0.004252797051991421,NoChange,KRAB
Region_199,,,,,0.34333465414530845,0.5656135687466287,fixed,-0.010133941012278538,NoChange,KRAB
Region_200,,,,,0.29439061210322265,0.5295497932138531,fixed,0.0037050426266813513,NoChange,KRAB
Region_201,,,,,0.1743535831269271,0.39218793636698907,fixed,0.006988561186950272,NoChange,KRAB
Region_202,,,,,0.558175718815893,0.7511049923800274,fixed,-0.0034880510263382877,NoChange,KRAB
Region_203,,,,,0.4609762469612558,0.6676460428961908,fixed,-0.005819755359642191,NoChange,KRAB
Region_204,,,,,0.02603200554238043,0.15009593069056057,fixed,-0.014227031910797758,NoChange,KRAB
Region_205,,,,,0.4091159466148967,0.6253433345069981,fixed,0.002668641365969063,NoChange,KRAB
Region_206,,,,,0.8165500477087901,0.914977974738878,fixed,-0.0015771307710197202,NoChange,KRAB
Region_207,,,,,0.016937264030113003,0.12607670439767585,fixed,0.015748521911730422,NoChange,KRAB
Region_208,,,,,0.48643315621458894,0.6882103866010802,fixed,-0.005467246641228383,NoChange,KRAB
Region_209,,,,,0.7449128938207386,0.8729413356994528,fixed,0.0011181099954321954,NoChange,KRAB
Region_210,,,,,0.02662418871751837,0.1517830366526701,fixed,-0.010211662800459544,NoChange,KRAB
Region_211,,,,,0.012813736422243613,0.10422601679164224,fixed,-0.020636154297038856,NoChange,KRAB
Region_212,,,,,0.0028949525671860266,0.04613066700662717,fixed,-0.020522672239134086,Depleted,KRAB
Region_213,,,,,0.7210474600253777,0.8591833206307627,fixed,0.0018683037574645446,NoChange,KRAB
Region_214,,,,,0.33353869083356935,0.5575298116502416,fixed,0.002283167811522459,NoChange,KRAB
Region_215,,,,,0.13235703272075258,0.330198599921722,fixed,0.006292767403572512,NoChange,KRAB
Region_216,,,,,0.12641885296282288,0.3253321329071515,fixed,-0.006662029811609307,NoChange,KRAB
Region_217,,,,,0.06165508186112985,0.22467111830195718,fixed,0.004081742565541776,NoChange,KRAB
Region_218,,,,,0.0440911592370224,0.18849849996857512,fixed,-0.01055155216634616,NoChange,KRAB
Region_219,,,,,0.3785178285162252,0.5997038987448368,fixed,0.0051892266424522415,NoChange,KRAB
Region_220,,,,,0.5779665418758366,0.7619790443543953,fixed,0.0032671079810849,NoChange,KRAB
Region_221,,,,,0.13250844345044027,0.330198599921722,fixed,-0.006839057859405911,NoChange,KRAB
Region_222,,,,,0.2946436480598087,0.5295497932138531,fixed,0.002784039589151067,NoChange,KRAB
Region_223,,,,,0.39854330500493246,0.6164226669940467,fixed,0.002410840800823269,NoChange,KRAB
Region_224,,,,,0.6976716777388721,0.8396022436196994,fixed,0.001886466215249064,NoChange,KRAB
Region_225,,,,,0.033858639957177604,0.17328775843252134,fixed,-0.011816550375780934,NoChange,KRAB
Region_226,,,,,2.0714860455102078e-4,0.009932230460314733,fixed,0.010659595076503115,Enriched,KRAB
Region_227,,,,,0.05828740047234047,0.21887696373887372,fixed,0.008236983876649394,NoChange,KRAB
Region_228,,,,,0.22253394272329935,0.4475241099799684,fixed,0.0020391003487413087,NoChange,KRAB
Region_229,,,,,0.19512235521029117,0.4196501921107951,fixed,-0.004731328347698244,NoChange,KRAB
Region_230,,,,,0.033463514114552166,0.17223311501896624,fixed,-0.011645951214661287,NoChange,KRAB
Region_231,,,,,0.4495604784489209,0.6578840715376486,fixed,0.004310573125005466,NoChange,KRAB
Region_232,,,,,0.7968666502619127,0.9090072824692469,fixed,0.0026280637474945996,NoChange,KRAB
Region_233,,,,,0.1971658872789068,0.42163878711522085,fixed,0.008088511515256426,NoChange,KRAB
Region_234,,,,,0.9825725055411875,0.990180920960201,fixed,-7.914994032370731e-5,NoChange,KRAB
Region_235,,,,,0.01869768158377831,0.13518720573668286,fixed,-0.021930883231304602,NoChange,KRAB
Region_236,,,,,0.30231898778988403,0.5355270216438571,fixed,0.004815936447454939,NoChange,KRAB
Region_237,,,,,0.0025744016915138423,0.04425056492394548,fixed,-0.018556673861560742,Depleted,KRAB
Region_238,,,,,0.0018948636169749883,0.036728101171579035,fixed,0.010654675361036916,Enriched,KRAB
Region_239,,,,,0.1931028346687148,0.4196501921107951,fixed,0.011457534466325341,NoChange,KRAB
Region_240,,,,,0.6448314140761663,0.8102640251357068,fixed,0.003389385245242195,NoChange,KRAB
Region_241,,,,,0.4962964231154423,0.6955785253202584,fixed,0.003916639053129733,NoChange,KRAB
Region_242,,,,,0.9065140075350068,0.9552861219848467,fixed,-5.549573130055562e-4,NoChange,KRAB
Region_243,,,,,0.022258201406297598,0.140025078892903,fixed,-0.006549037477131444,NoChange,KRAB
Region_244,,,,,0.21800244802298124,0.4413338447754131,fixed,0.006115249711753459,NoChange,KRAB
Region_245,,,,,0.05323981190178012,0.2081073206589986,fixed,-0.014469418114395307,NoChange,KRAB
Region_246,,,,,0.8827682075118326,0.9494708819873431,fixed,-6.512695499538204e-4,NoChange,KRAB
Region_247,,,,,0.10383176420739187,0.2875421400247082,fixed,-0.006471609320545351,NoChange,KRAB
Region_248,,,,,5.504759071279435e-4,0.016222381710541377,fixed,0.00965682654972915,Enriched,KRAB
Region_249,,,,,0.9438803405609453,0.9694193802153565,fixed,-5.097591691275312e-4,NoChange,KRAB
Region_250,,,,,0.5053460577993089,0.705008053070705,fixed,0.0010675628923655055,NoChange,KRAB
Region_251,,,,,0.7248709593919141,0.8591833206307627,fixed,-0.001592957065304539,NoChange,KRAB
Region_252,,,,,0.06375302777473782,0.22959171687628904,fixed,0.010338926016745893,NoChange,KRAB
Region_253,,,,,0.1926894235314162,0.4196501921107951,fixed,-0.00780277690740974,NoChange,KRAB
Region_254,,,,,0.001197229293505435,0.025364555497289564,fixed,-0.03175411960229196,Depleted,KRAB
Region_255,,,,,0.007197185706024255,0.07285151309097884,fixed,-0.010424087988097819,NoChange,KRAB
Region_256,,,,,0.09967360813661995,0.28571795827462404,fixed,0.004959404337513292,NoChange,KRAB
Region_257,,,,,3.924417451180046e-4,0.013241275177870451,fixed,0.016852047989502447,Enriched,KRAB
Region_258,,,,,0.2842478949248132,0.5168659326876345,fixed,0.005316401065786368,NoChange,KRAB
Region_259,,,,,0.3356039412044646,0.558350360686316,fixed,0.00631245040621478,NoChange,KRAB
Region_260,,,,,0.05449703217331041,0.2103677809740923,fixed,-0.007264277916454417,NoChange,KRAB
Region_261,,,,,0.9191435533299761,0.9580546648553869,fixed,-5.419608040563103e-4,NoChange,KRAB
Region_262,,,,,0.5631344774348933,0.7530216666425121,fixed,0.002237066794389529,NoChange,KRAB
Region_263,,,,,0.1525340614212342,0.35906596887530845,fixed,0.006807949614979255,NoChange,KRAB
Region_264,,,,,0.8519789179400463,0.9343114710559186,fixed,-9.706001016402413e-4,NoChange,KRAB
Region_265,,,,,0.9545279704141713,0.9759355706989137,fixed,-3.591166905321906e-4,NoChange,KRAB
Region_266,,,,,0.021525203915880187,0.13809479413638628,fixed,-0.012805789640832307,NoChange,KRAB
Region_267,,,,,0.9488643303999953,0.9723457873952707,fixed,-2.4829059237851774e-4,NoChange,KRAB
Region_268,,,,,0.05838320767129124,0.21887696373887372,fixed,0.004960067356299723,NoChange,KRAB
Region_269,,,,,0.02543740375603545,0.14854791552402752,fixed,-0.012960346195063515,NoChange,KRAB
Region_270,,,,,0.5922885820372386,0.7763667600516897,fixed,0.002270022835589361,NoChange,KRAB
Region_271,,,,,0.6509264545477135,0.8123205480725575,fixed,0.001617560755341295,NoChange,KRAB
Region_272,,,,,0.006208170510265679,0.06955967038103575,fixed,-0.010896354598120618,NoChange,KRAB
Region_273,,,,,0.31585002613648355,0.5459950167179062,fixed,0.0025663015539863923,NoChange,KRAB
Region_274,,,,,0.20123003657881433,0.42533773392876995,fixed,0.004613572036638541,NoChange,KRAB
Region_275,,,,,0.3180734308742199,0.5477597268930328,fixed,0.004026338959704691,NoChange,KRAB
Region_276,,,,,0.8999098450138714,0.9552861219848467,fixed,-4.1472666488316624e-4,NoChange,KRAB
Region_277,,,,,0.8392037854386524,0.9289363894709749,fixed,-8.912412834307151e-4,NoChange,KRAB
Region_278,,,,,0.1352428929271358,0.3345266809135225,fixed,0.007532781412714428,NoChange,KRAB
Region_279,,,,,0.206134351325862,0.43169745760427647,fixed,-0.005566794784459569,NoChange,KRAB
Region_280,,,,,0.3444631613491933,0.5656135687466287,fixed,-0.005546501758845651,NoChange,KRAB
Region_281,,,,,0.2533624892908544,0.4869477378564734,fixed,0.006644460090255701,NoChange,KRAB
Region_282,,,,,0.10384342927346761,0.2875421400247082,fixed,-0.014425593415281112,NoChange,KRAB
Region_283,,,,,0.19293683950588747,0.4196501921107951,fixed,-0.008353276232043317,NoChange,KRAB
Region_284,,,,,0.8699554519935723,0.9422287074783362,fixed,4.711452673639739e-4,NoChange,KRAB
Region_285,,,,,0.032581270641711,0.1696087860262784,fixed,-0.015225137814374887,NoChange,KRAB
Region_286,,,,,0.10315601012949534,0.2875421400247082,fixed,0.002955131509090813,NoChange,KRAB
Region_287,,,,,0.010802333270847314,0.09840925609741903,fixed,0.009389527436816225,NoChange,KRAB
Region_288,,,,,0.005206880433676316,0.06342153415327913,fixed,0.012165364781364114,NoChange,KRAB
Region_289,,,,,0.3849720152269581,0.6078154347864105,fixed,-0.0056213901555357305,NoChange,KRAB
Region_290,,,,,0.025646038718439602,0.14881236479298393,fixed,0.00759653098401628,NoChange,KRAB
Region_291,,,,,0.04291168410458055,0.18849849996857512,fixed,-0.013135194856045793,NoChange,KRAB
Region_292,,,,,0.04195854813494731,0.18737371250459314,fixed,0.005979861610707657,NoChange,KRAB
Region_293,,,,,0.22123970607144278,0.4468943951908744,fixed,0.005546434549968268,NoChange,KRAB
Region_294,,,,,0.05874507349788987,0.21933099162531833,fixed,-0.010432361863353909,NoChange,KRAB
Region_295,,,,,0.27538006265707027,0.5106416123466481,fixed,0.0033088326287330477,NoChange,KRAB
Region_296,,,,,0.9070711714361915,0.9552861219848467,fixed,5.715413385688682e-4,NoChange,KRAB
Region_297,,,,,0.031091931005191153,0.16330001490510987,fixed,-0.016221658302353736,NoChange,KRAB
Region_298,,,,,0.5960437278503677,0.7776143919962414,fixed,-0.003414739156482179,NoChange,KRAB
Region_299,,,,,0.4930195133284456,0.6920505033007919,fixed,-0.0018005532443722905,NoChange,KRAB
Region_300,,,,,0.4511388186289739,0.6578840715376486,fixed,-0.003816257409115022,NoChange,KRAB
Region_301,,,,,0.9072873472773333,0.9552861219848467,fixed,3.6764335283855586e-4,NoChange,KRAB
Region_302,,,,,0.9591668163174932,0.9766153444398011,fixed,2.568462522036851e-4,NoChange,KRAB
Region_303,,,,,0.3289799497621206,0.5539754791742918,fixed,0.00326542100616269,NoChange,KRAB
Region_304,,,,,0.8307674209293343,0.9218381491676292,fixed,0.0011515350430139856,NoChange,KRAB
Region_305,,,,,0.5666413553709264,0.7542227976465499,fixed,0.0027468096880811717,NoChange,KRAB
Region_306,,,,,0.023086945243448734,0.14210950754582294,fixed,-0.023912228338393623,NoChange,KRAB
Region_307,,,,,3.642049617902894e-5,0.004739867431299337,fixed,0.010022438154646355,Enriched,KRAB
Region_308,,,,,0.12157569705969205,0.3173508883134082,fixed,0.010306700975397072,NoChange,KRAB
Region_309,,,,,0.020006045375928202,0.13528283502049732,fixed,0.007464892327727143,NoChange,KRAB
Region_310,,,,,0.429344610592835,0.6433107569902511,fixed,0.0033358673414436504,NoChange,KRAB
Region_311,,,,,0.4146955705238605,0.6285984438389965,fixed,0.002553276942007638,NoChange,KRAB
Region_312,,,,,0.12908853639556336,0.32659376012695573,fixed,-0.010645910788034361,NoChange,KRAB
Region_313,,,,,0.11380232713284792,0.30469154818716615,fixed,0.0036087833570926965,NoChange,KRAB
Region_314,,,,,8.368899536160185e-5,0.006353389564534941,fixed,-0.012179840300620595,Depleted,KRAB
Region_315,,,,,0.6459454707667782,0.810545900645365,fixed,-0.003235215554916279,NoChange,KRAB
Region_316,,,,,0.1317587325883804,0.330198599921722,fixed,-0.018010211946231085,NoChange,KRAB
Region_317,,,,,0.06717386773600449,0.23627565060810846,fixed,-0.014147832017787491,NoChange,KRAB
Region_318,,,,,0.11405029410738053,0.30469154818716615,fixed,-0.007568148604742792,NoChange,KRAB
Region_319,,,,,0.21633624812625726,0.4409000493132447,fixed,-0.0044151769954957395,NoChange,KRAB
Region_320,,,,,0.22245686787664215,0.4475241099799684,fixed,-0.003931809406218883,NoChange,KRAB
Region_321,,,,,6.133511899321343e-4,0.01705914664338158,fixed,-0.017267573479792693,Depleted,KRAB
Region_322,,,,,0.10588086242964061,0.2914122830012163,fixed,-0.006239579574348256,NoChange,KRAB
Region_323,,,,,0.20191269697535455,0.42579274755682406,fixed,-0.004441297187227513,NoChange,KRAB
Region_324,,,,,0.2587609197772275,0.49357641210314646,fixed,-0.004520578656311717,NoChange,KRAB
Region_325,,,,,5.520239660008592e-4,0.016222381710541377,fixed,-0.019580284984778262,Depleted,KRAB
Region_326,,,,,0.02923807027068824,0.15854691676545826,fixed,-0.011367460762039856,NoChange,KRAB
Region_327,,,,,0.045861119063225,0.1916489883788898,fixed,-0.011366065303069137,NoChange,KRAB
Region_328,,,,,0.4131656993103868,0.6273232534529373,fixed,0.002094253389443794,NoChange,KRAB
Region_329,,,,,0.03602765699661209,0.17741186769683034,fixed,-0.01613601503654995,NoChange,KRAB
Region_330,,,,,0.3265271334511931,0.553877166641486,fixed,0.004566753575581743,NoChange,KRAB
Region_331,,,,,0.06105735350800083,0.2242872945394708,fixed,0.011415204937072494,NoChange,KRAB
Region_332,,,,,0.37050633576471154,0.5913973042232824,fixed,-0.0029968289126920226,NoChange,KRAB
Region_333,,,,,0.19928977931299474,0.42320044045253663,fixed,0.0046841749703153395,NoChange,KRAB
Region_334,,,,,0.09058100885555023,0.2778427578027147,fixed,0.005625377571951734,NoChange,KRAB
Region_335,,,,,0.04572166335973792,0.1916489883788898,fixed,0.014780931555420967,NoChange,KRAB
Region_336,,,,,0.32810611379205534,0.553877166641486,fixed,-0.004735790118095398,NoChange,KRAB
Region_337,,,,,0.43590556917277656,0.6459183248348633,fixed,-0.0032632931947015435,NoChange,KRAB
Region_338,,,,,0.16260948056029229,0.3747687577808675,fixed,0.00551723461496221,NoChange,KRAB
Region_339,,,,,0.13412808667964926,0.33294465113122745,fixed,-0.010257600570149562,NoChange,KRAB
Region_340,,,,,0.6693951483079407,0.8240797028493702,fixed,0.0019606972521997402,NoChange,KRAB
Region_341,,,,,0.6097379304431565,0.7901440321958969,fixed,-0.001656479861953914,NoChange,KRAB
Region_342,,,,,0.009729933751637259,0.09138113038908807,fixed,-0.01329240692702771,NoChange,KRAB
Region_343,,,,,0.11860678110306322,0.31314995282201863,fixed,-0.025113345722379513,NoChange,KRAB
Region_344,,,,,0.02404334775913641,0.14602326539048846,fixed,-0.022788893464992053,NoChange,KRAB
Region_345,,,,,9.861567510654558e-5,0.006910683078620233,fixed,0.01588262550791108,Enriched,KRAB
Region_346,,,,,0.6306843404205865,0.802105713507242,fixed,-0.0023660255291758545,NoChange,KRAB
Region_347,,,,,0.2327408237659725,0.46092802271913247,fixed,-0.009973482016526019,NoChange,KRAB
Region_348,,,,,0.1098928483050741,0.2997376790596482,fixed,-0.01025622148018836,NoChange,KRAB
Region_349,,,,,0.07134103493916569,0.24638250019046376,fixed,-0.006573541460839327,NoChange,KRAB
Region_350,,,,,0.4686881085361418,0.6724013651597246,fixed,0.0024650664563960127,NoChange,KRAB
Region_351,,,,,0.5005334739194692,0.6993650226083381,fixed,-0.003672040695195797,NoChange,KRAB
Region_352,,,,,0.014873527097969715,0.11482867106991873,fixed,-0.00989261261989882,NoChange,KRAB
Region_353,,,,,0.09665362666703567,0.28403694804409513,fixed,-0.009897948141750221,NoChange,KRAB
Region_354,,,,,0.7496107294674923,0.8743858828999813,fixed,5.308448842842649e-4,NoChange,KRAB
Region_355,,,,,0.0603012222864973,0.22331062399593105,fixed,-0.009732071333588709,NoChange,KRAB
Region_356,,,,,0.08359055977777911,0.26533449462563335,fixed,-0.011771360354576727,NoChange,KRAB
Region_357,,,,,0.20107926688820946,0.42533773392876995,fixed,-0.00440322566401037,NoChange,KRAB
Region_358,,,,,0.07649764714361008,0.2571562972244605,fixed,-0.00936693318486876,NoChange,KRAB
Region_359,,,,,0.34513921878691395,0.5656135687466287,fixed,-0.002014287387819394,NoChange,KRAB
Region_360,,,,,0.28821681638611324,0.5209633327931531,fixed,-0.007665361166789947,NoChange,KRAB
Region_361,,,,,0.6320577092972637,0.802105713507242,fixed,0.0033450678967785735,NoChange,KRAB
Region_362,,,,,0.043684756023559417,0.18849849996857512,fixed,0.006348339882882922,NoChange,KRAB
Region_363,,,,,0.002351337742037599,0.04200134672541672,fixed,-0.008093962742867276,Depleted,KRAB
Region_364,,,,,0.01886283552904551,0.13528283502049732,fixed,-0.01692211433965089,NoChange,KRAB
Region_365,,,,,0.7407819389211792,0.8701793915892865,fixed,9.313644539443292e-4,NoChange,KRAB
Region_366,,,,,0.08340731675132154,0.26533449462563335,fixed,-0.014450256267416403,NoChange,KRAB
Region_367,,,,,0.03798723285043623,0.17966478057560453,fixed,0.011860303324409535,NoChange,KRAB
Region_368,,,,,0.4340991635204784,0.645655363752108,fixed,-0.0024719686688920556,NoChange,KRAB
Region_369,,,,,1.5299650206763316e-5,0.002787596267672276,fixed,-0.016764628479355802,Depleted,KRAB
Region_370,,,,,0.053334500076836246,0.2081073206589986,fixed,-0.012450826089459063,NoChange,KRAB
Region_371,,,,,0.4056554891521109,0.6231908104849461,fixed,0.004478481157201462,NoChange,KRAB
Region_372,,,,,0.6383589135850964,0.8054639477507242,fixed,-0.0014402220604714411,NoChange,KRAB
Region_373,,,,,2.5561422275378453e-4,0.010124545953421639,fixed,-0.012010780787224092,Depleted,KRAB
Region_374,,,,,0.31013472524741725,0.541250449617619,fixed,-0.009324181361670326,NoChange,KRAB
Region_375,,,,,0.7368310749646771,0.8683740094344383,fixed,0.002117521303997155,NoChange,KRAB
Region_376,,,,,8.469026407518848e-4,0.0203033764664465,fixed,-0.028610065829863557,Depleted,KRAB
Region_377,,,,,0.05752754545290041,0.2174588958821256,fixed,0.01953534898484643,NoChange,KRAB
Region_378,,,,,0.7899203929829043,0.9029077515776985,fixed,8.479987015507672e-4,NoChange,KRAB
Region_379,,,,,0.16290716584107962,0.3747687577808675,fixed,-0.006162766599621505,NoChange,KRAB
Region_380,,,,,0.8475846721007576,0.9327483051676265,fixed,0.0010459855558021523,NoChange,KRAB
Region_381,,,,,6.653860103920295e-5,0.0055106059587921715,fixed,0.025142224566318695,Enriched,KRAB
Region_382,,,,,0.9080985528417972,0.9552861219848467,fixed,3.7542104903677813e-4,NoChange,KRAB
Region_383,,,,,0.4602405717947221,0.6676419759633628,fixed,-0.003406009241210803,NoChange,KRAB
Region_384,,,,,0.04826482623847209,0.19805971487949584,fixed,-0.012000616944474705,NoChange,KRAB
Region_385,,,,,0.43193688902653626,0.6453125048248239,fixed,0.00399981014045228,NoChange,KRAB
Region_386,,,,,0.5717071123517808,0.7572394500786847,fixed,-0.0029968266233017945,NoChange,KRAB
Region_387,,,,,0.6148344508659591,0.7956167396859215,fixed,-0.0023753070161831214,NoChange,KRAB
Region_388,,,,,0.48785023279827827,0.6882103866010802,fixed,-0.0016989049710633927,NoChange,KRAB
Region_389,,,,,0.3036498683527217,0.5360950195142044,fixed,-0.006305376354464594,NoChange,KRAB
Region_390,,,,,0.07397312828811782,0.2523916427397033,fixed,-0.0060895112666906615,NoChange,KRAB
Region_391,,,,,0.004947476384693702,0.06259931925633282,fixed,-0.03559066237872089,NoChange,KRAB
Region_392,,,,,5.302539798336257e-5,0.0048306137562843295,fixed,-0.01749614834673363,Depleted,KRAB
Region_393,,,,,0.6660839793904667,0.8222256168356575,fixed,-0.00273533981508927,NoChange,KRAB
Region_394,,,,,0.1785357411267574,0.39766762876889,fixed,0.008040386553707665,NoChange,KRAB
Region_395,,,,,0.05299331350498278,0.2081073206589986,fixed,-0.01221524481120719,NoChange,KRAB
Region_396,,,,,0.6770033251458071,0.8304483944782313,fixed,-0.0014017537878261274,NoChange,KRAB
Region_397,,,,,0.6073291487560503,0.7892679807657087,fixed,-0.002359259177655275,NoChange,KRAB
Region_398,,,,,0.4499051113446527,0.6578840715376486,fixed,0.004317092226968098,NoChange,KRAB
Region_399,,,,,0.001822347074112324,0.03609039531557233,fixed,-0.014362716849196653,Depleted,KRAB
Region_400,,,,,0.7454976500265359,0.8729413356994528,fixed,7.441513096110009e-4,NoChange,KRAB
Region_401,,,,,0.00423400704813759,0.05862034646519476,fixed,-0.00967566907176325,NoChange,KRAB
Region_402,,,,,0.46788004533157856,0.6723008222351231,fixed,0.005218467984812019,NoChange,KRAB
Region_403,,,,,0.6935580524121524,0.8379726601425344,fixed,-0.0017222636937794986,NoChange,KRAB
Region_404,,,,,0.9159165471872676,0.9568807046876155,fixed,-7.639472187022024e-4,NoChange,KRAB
Region_405,,,,,0.6881603729639029,0.8358854663601539,fixed,0.002139810362456035,NoChange,KRAB
Region_406,,,,,0.001001129343054351,0.022244605646890576,fixed,0.02153714347826512,Enriched,KRAB
Region_407,,,,,0.07480323110836432,0.2523916427397033,fixed,-0.005796792706314956,NoChange,KRAB
Region_408,,,,,0.2092109840138203,0.436135483836591,fixed,-0.00524704271142504,NoChange,KRAB
Region_409,,,,,0.26688313298306154,0.5013000704073589,fixed,0.005146237323366586,NoChange,KRAB
Region_410,,,,,0.08355622335039846,0.26533449462563335,fixed,-0.009334718338105176,NoChange,KRAB
Region_411,,,,,0.015476220274988222,0.11847761907995186,fixed,-0.006620993470144828,NoChange,KRAB
Region_412,,,,,1.2341006641793695e-5,0.002787596267672276,fixed,0.022206951943718117,Enriched,KRAB
Region_413,,,,,0.1147022706273882,0.3055373349168148,fixed,0.011190155293349347,NoChange,KRAB
Region_414,,,,,0.27489923247355386,0.5106416123466481,fixed,0.003971059567875788,NoChange,KRAB
Region_415,,,,,0.6322860780696954,0.802105713507242,fixed,0.0015929298208671662,NoChange,KRAB
Region_416,,,,,0.09871992395581124,0.28571795827462404,fixed,-0.009444297085243672,NoChange,KRAB
Region_417,,,,,0.5335507544454232,0.7287327395798809,fixed,0.002859442886727787,NoChange,KRAB
Region_418,,,,,0.04128859295858918,0.18620746626373635,fixed,0.016787055009826628,NoChange,KRAB
Region_419,,,,,0.11299802555924536,0.30469154818716615,fixed,-0.004588479236766322,NoChange,KRAB
Region_420,,,,,0.19002510111961157,0.41915948455197616,fixed,0.005253326986531423,NoChange,KRAB
Region_421,,,,,2.258077756608548e-4,0.010124545953421639,fixed,0.01315913071836584,Enriched,KRAB
Region_422,,,,,0.3358682740462142,0.558350360686316,fixed,-0.0035811145999395805,NoChange,KRAB
Region_423,,,,,0.30661422943694466,0.5371645442635704,fixed,-0.005487231440893158,NoChange,KRAB
Region_424,,,,,0.8283287601479151,0.9203469806631043,fixed,-0.0019065455703523465,NoChange,KRAB
Region_425,,,,,0.01702243099990574,0.12607670439767585,fixed,0.014637733056228555,NoChange,KRAB
Region_426,,,,,0.09942433657334869,0.28571795827462404,fixed,0.009636456068372025,NoChange,KRAB
Region_427,,,,,0.47837502383784236,0.6829790523893705,fixed,0.0022353552442074217,NoChange,KRAB
Region_428,,,,,0.0020039663499175973,0.03803361134947773,fixed,-0.012855536158204737,Depleted,KRAB
Region_429,,,,,0.14970050961452774,0.3549018961805556,fixed,0.004344111087341895,NoChange,KRAB
Region_430,,,,,0.06542778072286215,0.23283089155674772,fixed,0.009437255144230022,NoChange,KRAB
Region_431,,,,,0.07462961746840095,0.2523916427397033,fixed,0.0070950018067843035,NoChange,KRAB
Region_432,,,,,0.24900319790451128,0.4826423687042761,fixed,-0.007084796745860307,NoChange,KRAB
Region_433,,,,,0.3575201917801897,0.5764617605517749,fixed,-0.0047792761916282695,NoChange,KRAB
Region_434,,,,,0.04370838022807368,0.18849849996857512,fixed,0.009678059962247538,NoChange,KRAB
Region_435,,,,,0.025207010261570132,0.14815216998897024,fixed,-0.006245005652363588,NoChange,KRAB
Region_436,,,,,0.9367784618091487,0.966483781096415,fixed,-6.621776498996017e-4,NoChange,KRAB
Region_437,,,,,0.1354998301395058,0.3345266809135225,fixed,0.008172151152203273,NoChange,KRAB
Region_438,,,,,0.009305761958466753,0.0901866930230129,fixed,-0.017847526161075582,NoChange,KRAB
Region_439,,,,,9.526485057909357e-4,0.022244605646890576,fixed,-0.030234779196531416,Depleted,KRAB
Region_440,,,,,0.302679074855993,0.5355270216438571,fixed,-0.0033486892711017146,NoChange,KRAB
Region_441,,,,,0.05241650425255336,0.2081073206589986,fixed,-0.012904973962640114,NoChange,KRAB
Region_442,,,,,0.26662417660381177,0.5013000704073589,fixed,-0.0036207997952029157,NoChange,KRAB
Region_443,,,,,0.16246293403356238,0.3747687577808675,fixed,-0.004027607237297721,NoChange,KRAB
Region_444,,,,,0.8189249920393776,0.9153873223900283,fixed,0.0015431565649399064,NoChange,KRAB
Region_445,,,,,0.9993945948549223,0.9993945948549223,fixed,-5.354177774789072e-6,NoChange,KRAB
Region_446,,,,,0.4869563783522137,0.6882103866010802,fixed,-0.006030864545462853,NoChange,KRAB
Region_447,,,,,0.8421762148822317,0.9301343856508342,fixed,-8.389052529003955e-4,NoChange,KRAB
Region_448,,,,,0.9295759179404002,0.9612300354639097,fixed,-5.059675625980394e-4,NoChange,KRAB
Region_449,,,,,0.7412285487083274,0.8701793915892865,fixed,0.0013727579287645688,NoChange,KRAB
Region_450,,,,,0.7853433230820615,0.9010677170374786,fixed,-6.822955778800553e-4,NoChange,KRAB
Region_451,,,,,0.009601041016407852,0.09131966181104297,fixed,-0.00608367741317481,NoChange,KRAB
Region_452,,,,,0.46240788072718186,0.6686564751467662,fixed,0.0045978865181788165,NoChange,KRAB
Region_453,,,,,0.7881656935013125,0.9020338527383113,fixed,0.0012618584999911876,NoChange,KRAB
Region_454,,,,,0.19577533660492635,0.4196501921107951,fixed,-0.008650788744441262,NoChange,KRAB
Region_455,,,,,0.012317167722979479,0.10422601679164224,fixed,-0.014524611844422138,NoChange,KRAB
Region_456,,,,,0.9242285446029174,0.9610770130029151,fixed,-5.872579914989848e-4,NoChange,KRAB
Region_457,,,,,0.019390594369088743,0.13528283502049732,fixed,-0.007907336285122931,NoChange,KRAB
Region_458,,,,,0.5624530885748787,0.7530216666425121,fixed,-0.0033320754430233,NoChange,KRAB
Region_459,,,,,0.004723473145503301,0.060606817402162075,fixed,-0.00930730633730881,NoChange,KRAB
Region_460,,,,,0.5727090901253719,0.7572394500786847,fixed,-0.0025711114579443136,NoChange,KRAB
Region_461,,,,,0.3323529248620135,0.5575298116502416,fixed,0.0023794638192167275,NoChange,KRAB
Region_462,,,,,0.9102470709137812,0.9553399557631965,fixed,5.761094490985101e-4,NoChange,KRAB
Region_463,,,,,0.33962179153842115,0.562537185620912,fixed,0.005963314824418891,NoChange,KRAB
Region_464,,,,,7.2856507722627e-4,0.018436744037587,fixed,-0.01549565713550819,Depleted,KRAB
Region_465,,,,,0.8991141450735329,0.9552861219848467,fixed,-4.6172558546390133e-4,NoChange,KRAB
Region_466,,,,,0.002684763026822529,0.04524540620869109,fixed,-0.008279094807700126,Depleted,KRAB
Region_467,,,,,0.21734492423652452,0.4409826859231043,fixed,-0.007172669356944168,NoChange,KRAB
Region_468,,,,,0.6859097793512229,0.8357296095926852,fixed,0.00208931832221628,NoChange,KRAB
Region_469,,,,,0.2646548872373412,0.5012486533746733,fixed,0.005253708394325866,NoChange,KRAB
Region_470,,,,,0.3050119404800653,0.5364206134697673,fixed,-0.0023400741359244264,NoChange,KRAB
Region_471,,,,,0.13689759911579724,0.33615556009296843,fixed,0.007205163928047899,NoChange,KRAB
Region_472,,,,,0.10129063133167623,0.28746344281357333,fixed,-0.007032643262478035,NoChange,KRAB
Region_473,,,,,0.8210806936120133,0.9155501981402008,fixed,5.127563398762908e-4,NoChange,KRAB
Region_474,,,,,0.25724052318532975,0.4933602455196535,fixed,-0.004728004873734904,NoChange,KRAB
Region_475,,,,,0.14934195911727643,0.3549018961805556,fixed,-0.003212085489334428,NoChange,KRAB
Region_476,,,,,0.14330983244565149,0.34877853547526644,fixed,-0.003543989884260491,NoChange,KRAB
Region_477,,,,,0.09056522412575867,0.2778427578027147,fixed,-0.014781707129774906,NoChange,KRAB
Region_478,,,,,6.631035758325521e-4,0.017259638788098712,fixed,-0.006981017125289003,Depleted,KRAB
Region_479,,,,,0.0916664162140874,0.2791622143165981,fixed,-0.0034692200499137327,NoChange,KRAB
Region_480,,,,,0.024657898706801084,0.14815216998897024,fixed,-0.00988968897328985,NoChange,KRAB
Region_481,,,,,0.40326934959010824,0.6212182913352245,fixed,0.0022411225118067844,NoChange,KRAB
Region_482,,,,,0.2138958598095497,0.4398625920688482,fixed,0.0023874324057444967,NoChange,KRAB
Region_483,,,,,0.04190095850140175,0.18737371250459314,fixed,0.0022053516609203423,NoChange,KRAB
Region_484,,,,,0.8811323906678409,0.9488316878231714,fixed,-3.832824490397305e-4,NoChange,KRAB
Region_485,,,,,0.012573147429157269,0.10422601679164224,fixed,-0.006407572478514655,NoChange,KRAB
Region_486,,,,,0.2626608889590712,0.49897605250125204,fixed,0.003012262491486722,NoChange,KRAB
Region_487,,,,,0.02498238430082714,0.14815216998897024,fixed,-0.0060007417963237044,NoChange,KRAB
Region_488,,,,,0.07281170592866787,0.25030741170194876,fixed,-0.010008512518564567,NoChange,KRAB
Region_489,,,,,0.5235708990387186,0.7215931755284003,fixed,0.003449838532288147,NoChange,KRAB
Region_490,,,,,0.8162259405131714,0.914977974738878,fixed,6.746246190692272e-4,NoChange,KRAB
Region_491,,,,,0.12977710336548626,0.32659376012695573,fixed,-0.009968513848976273,NoChange,KRAB
Region_492,,,,,0.021327173886194935,0.13779471922215308,fixed,-0.012788881538822997,NoChange,KRAB
Region_493,,,,,2.460406890450001e-4,0.010124545953421639,fixed,-0.009448050648587605,Depleted,KRAB
Region_494,,,,,0.8479200256649735,0.9327483051676265,fixed,-0.0012913010384853175,NoChange,KRAB
Region_495,,,,,0.9882707594333923,0.9941798852581872,fixed,4.5473683105648534e-5,NoChange,KRAB
Region_496,,,,,0.44329633108331257,0.6534675689593815,fixed,0.002748369826740363,NoChange,KRAB
Region_497,,,,,0.6361909398233432,0.8038418116214503,fixed,-0.0013412707972529768,NoChange,KRAB
Region_498,,,,,0.0052909293036764145,0.06342153415327913,fixed,-0.034203821608129,NoChange,KRAB
Region_499,,,,,0.3261612993798804,0.553877166641486,fixed,-0.0025253562728451925,NoChange,KRAB
Region_500,,,,,0.40765145389620827,0.6241520579822617,fixed,0.0016718289734263382,NoChange,KRAB
Region_501,,,,,0.038062900824469455,0.17966478057560453,fixed,-0.010902333268960571,NoChange,KRAB
Region_502,,,,,0.5453236171418917,0.7403723028558321,fixed,0.0017422206095589234,NoChange,KRAB
Region_503,,,,,0.08183228097706718,0.26533449462563335,fixed,-0.011316688143797484,NoChange,KRAB
Region_504,,,,,0.12738789848259854,0.3264581946933914,fixed,0.006105797706045141,NoChange,KRAB
Region_505,,,,,0.10095663433988629,0.28741091838636373,fixed,-0.020072718516497196,NoChange,KRAB
Region_506,,,,,0.02992505765092071,0.16131199715969685,fixed,-0.012755928583094989,NoChange,KRAB
Region_507,,,,,0.02670278774886947,0.1517830366526701,fixed,-0.010149559352688884,NoChange,KRAB
Region_508,,,,,0.5402131137074515,0.7356265270366044,fixed,-0.0011314761922667123,NoChange,KRAB
Region_509,,,,,0.4856111044033517,0.6882103866010802,fixed,-0.0033776648280560502,NoChange,KRAB
Region_510,,,,,0.42746008380681116,0.6415422345107167,fixed,-0.0023383459775878634,NoChange,KRAB
Region_511,,,,,0.5619690913738487,0.7530216666425121,fixed,0.0026543684393909167,NoChange,KRAB
Region_512,,,,,0.04062739238734078,0.1841370868898878,fixed,-0.00684272313368157,NoChange,KRAB
Region_513,,,,,0.5915205208781256,0.7763667600516897,fixed,-0.0016945056780045828,NoChange,KRAB
Region_514,,,,,0.44429227005301264,0.6538776381555647,fixed,0.0034202739892389106,NoChange,KRAB
Region_515,,,,,0.3193928309046101,0.5479602051866287,fixed,-0.0049994379108437535,NoChange,KRAB
Region_516,,,,,0.6399029239186277,0.806295385463167,fixed,-0.0031332733264572603,NoChange,KRAB
Region_517,,,,,0.9064873248011645,0.9552861219848467,fixed,-6.656683372157168e-4,NoChange,KRAB
Region_518,,,,,0.36975720543888774,0.5913973042232824,fixed,-8.526835085926251e-4,NoChange,KRAB
Region_519,,,,,0.46559056220986583,0.6711281679955502,fixed,-0.0019017217618649523,NoChange,KRAB
Region_520,,,,,0.7404729044525072,0.8701793915892865,fixed,0.0012145808818942218,NoChange,KRAB
Region_521,,,,,0.7796576442391152,0.899781491905432,fixed,-0.001019484814834442,NoChange,KRAB
Region_522,,,,,0.2842078523639306,0.5168659326876345,fixed,-0.0058890541117591145,NoChange,KRAB
Region_523,,,,,0.24877848619470216,0.4826423687042761,fixed,-0.0033978856969080996,NoChange,KRAB
Region_524,,,,,0.720607892298132,0.8591833206307627,fixed,0.0014568999568654146,NoChange,KRAB
Region_525,,,,,0.46757775901954685,0.6723008222351231,fixed,0.0010106322455359946,NoChange,KRAB
Region_526,,,,,0.6478841128231094,0.8111840950982776,fixed,-0.002372863922638206,NoChange,KRAB
Region_527,,,,,0.003449681217248799,0.051519009654322226,fixed,-0.015433057525282104,NoChange,KRAB
Region_528,,,,,0.6956806178964509,0.8394238978856513,fixed,-0.003314478998173044,NoChange,KRAB
Region_529,,,,,0.631300351525867,0.802105713507242,fixed,0.001712517453164718,NoChange,KRAB
Region_530,,,,,0.520913279275792,0.7201092525345167,fixed,0.0021964356445245527,NoChange,KRAB
Region_531,,,,,0.37113431866374236,0.5913973042232824,fixed,0.005092611231638253,NoChange,KRAB
Region_532,,,,,0.04823277424360728,0.19805971487949584,fixed,0.007987189332450602,NoChange,KRAB
Region_533,,,,,0.602193871001374,0.7837123092603596,fixed,-0.002821902171993228,NoChange,KRAB
Region_534,,,,,0.010737956025292202,0.09840925609741903,fixed,-0.008866501696074626,NoChange,KRAB
Region_535,,,,,0.061612792292678124,0.22467111830195718,fixed,0.006268218351274791,NoChange,KRAB
Region_536,,,,,0.92955284674145,0.9612300354639097,fixed,-9.165604541049122e-4,NoChange,KRAB
Region_537,,,,,0.09762739686280404,0.2850594825064567,fixed,-0.006940660481785368,NoChange,KRAB
Region_538,,,,,0.8439149793375471,0.9307585304800309,fixed,0.001201136892560134,NoChange,KRAB
Region_539,,,,,0.10437691799526458,0.2881435524051092,fixed,-0.01065444624071104,NoChange,KRAB
Region_540,,,,,0.7525030533945827,0.8766371888011059,fixed,-0.0028613907957325537,NoChange,KRAB
Region_541,,,,,0.8915938623935576,0.95445594434845,fixed,-3.0420415579273736e-4,NoChange,KRAB
Region_542,,,,,0.9128778547407895,0.9556146332004234,fixed,5.080213325305687e-4,NoChange,KRAB
Region_543,,,,,0.10262401704571678,0.2875421400247082,fixed,-0.01023587182395308,NoChange,KRAB
Region_544,,,,,0.16126746174606835,0.37382864542154776,fixed,-0.007924438251715077,NoChange,KRAB
Region_545,,,,,0.9730046686073917,0.9848969478903709,fixed,7.54379397693903e-5,NoChange,KRAB
Region_546,,,,,0.12974318350455238,0.32659376012695573,fixed,0.00486181349762904,NoChange,KRAB
Region_547,,,,,0.09268928396807358,0.2791622143165981,fixed,0.003648460530953211,NoChange,KRAB
Region_548,,,,,0.14417627789465445,0.34932071585646335,fixed,-0.006888866618889855,NoChange,KRAB
Region_549,,,,,0.7250059010090582,0.8591833206307627,fixed,5.298794568257822e-4,NoChange,KRAB
Region_550,,,,,0.028465745928525587,0.15621864181257114,fixed,0.0028216339960482925,NoChange,KRAB
Region_551,,,,,0.06574122229765499,0.23303600588779647,fixed,0.0058644372613285084,NoChange,KRAB
Region_552,,,,,0.3096563815275384,0.541250449617619,fixed,-0.0015822945023910378,NoChange,KRAB
Region_553,,,,,0.027554359255279482,0.15305385785962192,fixed,-0.006694979023112202,NoChange,KRAB
Region_554,,,,,0.15336870256946342,0.3601002269092298,fixed,0.0025548017884672288,NoChange,KRAB
Region_555,,,,,0.35240215824487253,0.5722609022479124,fixed,0.007017059491427112,NoChange,KRAB
Region_556,,,,,0.39523273255701197,0.6147307876653898,fixed,-0.003916693031971791,NoChange,KRAB
Region_557,,,,,0.3975921565944598,0.6159973718665865,fixed,0.005398598616942349,NoChange,KRAB
Region_558,,,,,0.04033013153877913,0.18384136378282687,fixed,0.01098967157720198,NoChange,KRAB
Region_559,,,,,0.12201109732450464,0.3175774561789249,fixed,-0.0126387234478767,NoChange,KRAB
Region_560,,,,,0.6773031362209944,0.8304483944782313,fixed,-0.0024479032242798147,NoChange,KRAB
Region_561,,,,,0.7344822395752001,0.8667270987733254,fixed,-0.0017562872270102416,NoChange,KRAB
Region_562,,,,,0.6553589402109559,0.816733234654146,fixed,0.0037175267781346835,NoChange,KRAB
Region_563,,,,,0.34954955427126755,0.5696594703776828,fixed,-0.003680507462914156,NoChange,KRAB
Region_564,,,,,0.006793894031741043,0.07109369086807926,fixed,0.018880676730487277,NoChange,KRAB
Region_565,,,,,0.39036927044860786,0.6129617018792755,fixed,0.0015581120948458826,NoChange,KRAB
Region_566,,,,,0.23633838630155185,0.4660265582699431,fixed,-0.004463293647018102,NoChange,KRAB
Region_567,,,,,0.12965112370680076,0.32659376012695573,fixed,0.006684179070145771,NoChange,KRAB
Region_568,,,,,0.9605349600637342,0.9766153444398011,fixed,1.7123144785005708e-4,NoChange,KRAB
Region_569,,,,,0.6272909687196877,0.802105713507242,fixed,-0.004148704343944739,NoChange,KRAB
Region_570,,,,,1.7156516015253903e-4,0.008683103383275726,fixed,0.008195182683182234,Enriched,KRAB
Region_571,,,,,0.42745016687301524,0.6415422345107167,fixed,0.003088676774274228,NoChange,KRAB
Region_572,,,,,0.7758116500230513,0.8980755362445414,fixed,-0.0012284624393119321,NoChange,KRAB
Region_573,,,,,0.024754773728038453,0.14815216998897024,fixed,-0.017953166133125094,NoChange,KRAB
Region_574,,,,,0.04763537095657737,0.1972537406429181,fixed,-0.013411344341573756,NoChange,KRAB
Region_575,,,,,0.9010541726357969,0.9552861219848467,fixed,-7.998907059088712e-4,NoChange,KRAB
Region_576,,,,,0.3210668857368758,0.549796866365214,fixed,-0.003580662986720476,NoChange,KRAB
Region_577,,,,,0.01232987595993312,0.10422601679164224,fixed,-0.011700352103778722,NoChange,KRAB
Region_578,,,,,3.4857678229908247e-4,0.012213594179787082,fixed,-0.025573800870430027,Depleted,KRAB
Region_579,,,,,0.14588851631620914,0.3515990432911813,fixed,-0.00890487158574508,NoChange,KRAB
Region_580,,,,,0.9729586218781404,0.9848969478903709,fixed,-2.806329461246007e-4,NoChange,KRAB
Region_581,,,,,0.030152645385239308,0.16158270556442947,fixed,-0.01553244241698163,NoChange,KRAB
Region_582,,,,,0.085564590526698,0.26921010874769435,fixed,-0.004948041209889435,NoChange,KRAB
Region_583,,,,,0.21464116673160133,0.439988990172443,fixed,-0.006946849962844308,NoChange,KRAB
Region_584,,,,,0.0388829326410001,0.1816530853125697,fixed,-0.006952247326213789,NoChange,KRAB
Region_585,,,,,0.333519201796614,0.5575298116502416,fixed,-0.005366370502733152,NoChange,KRAB
Region_586,,,,,0.02104692009738045,0.13695531577652564,fixed,-0.008844453776103513,NoChange,KRAB
Region_587,,,,,0.3227081029959369,0.5513813443922263,fixed,-0.004227744450101926,NoChange,KRAB
Region_588,,,,,0.8681501091345188,0.9419692652243367,fixed,-0.0010399133571952796,NoChange,KRAB
Region_589,,,,,0.8938340207077901,0.9552861219848467,fixed,-4.984135991428337e-4,NoChange,KRAB
Region_590,,,,,0.9043503083067125,0.9552861219848467,fixed,4.755284591956467e-4,NoChange,KRAB
Region_591,,,,,0.8102302471871493,0.9145890881247521,fixed,0.0014837829118700932,NoChange,KRAB
Region_592,,,,,0.04036034331126825,0.18384136378282687,fixed,-0.013917912772686659,NoChange,KRAB
Region_593,,,,,0.8800585278000445,0.9487968270128289,fixed,0.0010116324968748873,NoChange,KRAB
Region_594,,,,,0.5556812334376674,0.7488544432865606,fixed,-0.004067403334358651,NoChange,KRAB
Region_595,,,,,6.2466998395649055e-6,0.002787596267672276,fixed,-0.015539833551430703,Depleted,KRAB
Region_596,,,,,1.5402342412738676e-4,0.008253843492944078,fixed,-0.013620370401038579,Depleted,KRAB
Region_597,,,,,0.12094910262040862,0.31662250714710416,fixed,-0.008768120235062085,NoChange,KRAB
Region_598,,,,,0.10194441001534355,0.2875421400247082,fixed,0.007042502421808783,NoChange,KRAB
Region_599,,,,,0.3816169845846963,0.6035643627719762,fixed,-0.005315548763274044,NoChange,KRAB
Region_600,,,,,0.022373678030554116,0.140025078892903,fixed,0.012174359486758324,NoChange,KRAB
Region_601,,,,,0.7146253574296882,0.8554844948994034,fixed,-0.0012062056248278272,NoChange,KRAB
Region_602,,,,,0.03786601834697819,0.17966478057560453,fixed,-0.03890447602861034,NoChange,KRAB
Region_603,,,,,0.5689136863115379,0.7555107408597829,fixed,0.007125077701324686,NoChange,KRAB
Region_604,,,,,0.0665608828772166,0.2350269934152881,fixed,-0.009193853171776909,NoChange,KRAB
Region_605,,,,,0.8131911760494503,0.9145890881247521,fixed,7.422422796074142e-4,NoChange,KRAB
Region_606,,,,,0.14998598246927983,0.3549018961805556,fixed,-0.008895846946093515,NoChange,KRAB
Region_607,,,,,0.5185297414439978,0.7200182305072319,fixed,-0.004426335622824179,NoChange,KRAB
Region_608,,,,,0.8003702934529857,0.9090072824692469,fixed,-8.233210754462518e-4,NoChange,KRAB
Region_609,,,,,0.05063420988861005,0.205505430590761,fixed,-0.005093229081754471,NoChange,KRAB
Region_610,,,,,0.7306731648222214,0.8633505228962954,fixed,0.0013104765105459814,NoChange,KRAB
Region_611,,,,,0.08352683092409138,0.26533449462563335,fixed,-0.013971103092884097,NoChange,KRAB
Region_612,,,,,0.01033812019034085,0.096102321361229745,fixed,-0.014678556205053588,NoChange,KRAB
Region_613,,,,,0.4641512442845103,0.6701137615581441,fixed,0.004026877962205189,NoChange,KRAB
Region_614,,,,,0.4599838329735986,0.6676419759633628,fixed,0.0031621289093341064,NoChange,KRAB
Region_615,,,,,0.4117846228000806,0.6273232534529373,fixed,0.0040735801797907355,NoChange,KRAB
Region_616,,,,,0.3302839529063327,0.5551451680768803,fixed,-0.003521171846150754,NoChange,KRAB
Region_617,,,,,0.41181673749947595,0.6273232534529373,fixed,-0.006312566952670323,NoChange,KRAB
Region_618,,,,,0.0029746291643879996,0.04613066700662717,fixed,-0.02487368195058425,Depleted,KRAB
Region_619,,,,,0.19577033194255292,0.4196501921107951,fixed,-0.009872901968855007,NoChange,KRAB
Region_620,,,,,0.9367780096045142,0.966483781096415,fixed,4.2989530211193114e-4,NoChange,KRAB
Region_621,,,,,0.12362677305007344,0.32086606908437865,fixed,0.005135549223738391,NoChange,KRAB
Region_622,,,,,0.05734638480091276,0.2174588958821256,fixed,-0.010586135130582822,NoChange,KRAB
Region_623,,,,,0.40368960315088137,0.6212182913352245,fixed,0.009333222887511367,NoChange,KRAB
Region_624,,,,,0.012018787095594095,0.10422601679164224,fixed,0.013758654161477176,NoChange,KRAB
Region_625,,,,,0.978517599214003,0.9887853135066632,fixed,-1.5559332225349156e-4,NoChange,KRAB
Region_626,,,,,0.0025589969579352567,0.04425056492394548,fixed,-0.012874119693360428,Depleted,KRAB
Region_627,,,,,0.009623147677124176,0.09131966181104297,fixed,-0.01423072379628632,NoChange,KRAB
Region_628,,,,,0.08818555626101184,0.2760723084322398,fixed,-0.01382315421517768,NoChange,KRAB
Region_629,,,,,0.9060481914050066,0.9552861219848467,fixed,-9.258343878845687e-4,NoChange,KRAB
Region_630,,,,,0.08069953526707084,0.26533449462563335,fixed,-0.0074475586853737195,NoChange,KRAB
Region_631,,,,,0.2589442074831449,0.49357641210314646,fixed,0.00361592782650837,NoChange,KRAB
Region_632,,,,,0.988971312834771,0.9941798852581872,fixed,6.573246339320269e-5,NoChange,KRAB
Region_633,,,,,0.029115003012547408,0.15854691676545826,fixed,-0.010511156463059558,NoChange,KRAB
Region_634,,,,,0.03979737977615103,0.18384136378282687,fixed,0.008825709632405268,NoChange,KRAB
Region_635,,,,,0.2777482560998376,0.5111690127413173,fixed,0.0036803682757471025,NoChange,KRAB
Region_636,,,,,0.012600287905505292,0.10422601679164224,fixed,0.00932324101647448,NoChange,KRAB
Region_637,,,,,0.3118327137822737,0.5431732356704614,fixed,-0.0045518002287222555,NoChange,KRAB
Region_638,,,,,0.2387740379934327,0.46641866528821513,fixed,-0.0037073888113718615,NoChange,KRAB
Region_639,,,,,0.014057163932245776,0.11233400300242019,fixed,-0.006827672822063441,NoChange,KRAB
Region_640,,,,,0.022413732464032145,0.140025078892903,fixed,-0.012475351854144766,NoChange,KRAB
Region_641,,,,,0.3273431780460606,0.553877166641486,fixed,-0.006296875008477092,NoChange,KRAB
Region_642,,,,,0.811425521757257,0.9145890881247521,fixed,-5.258009478545859e-4,NoChange,KRAB
Region_643,,,,,0.7836493658739527,0.9010677170374786,fixed,-0.0012740582760475086,NoChange,KRAB
Region_644,,,,,0.19503140866431048,0.4196501921107951,fixed,0.0060283651558317485,NoChange,KRAB
Region_645,,,,,0.6329798427779177,0.802105713507242,fixed,-0.0035787717344162506,NoChange,KRAB
Region_646,,,,,0.19902964811811671,0.42320044045253663,fixed,0.007726544421122407,NoChange,KRAB
Region_647,,,,,0.34334391533218106,0.5656135687466287,fixed,0.0027500776183103487,NoChange,KRAB
Region_648,,,,,0.1777119501088868,0.3968029082088134,fixed,-0.0036462788259673034,NoChange,KRAB
Region_649,,,,,0.10806336430682749,0.29563280745801757,fixed,0.005691192444026682,NoChange,KRAB
Region_650,,,,,7.533838344281362e-4,0.018549531707136004,fixed,0.0046846304333189835,Enriched,KRAB
Region_651,,,,,0.29500327611967536,0.5295497932138531,fixed,-0.004589312447319749,NoChange,KRAB
Region_652,,,,,0.7248256551192542,0.8591833206307627,fixed,-0.0014911587180483608,NoChange,KRAB
Region_653,,,,,0.4880174640442347,0.6882103866010802,fixed,-0.006011018095876524,NoChange,KRAB
Region_654,,,,,0.22431158300234705,0.4491161584948091,fixed,-0.0051750310080326285,NoChange,KRAB
Region_655,,,,,0.8619764293291682,0.9403539898965773,fixed,5.64711242398601e-4,NoChange,KRAB
Region_656,,,,,0.0078313318726829,0.07754721017406654,fixed,0.01177976943064527,NoChange,KRAB
Region_657,,,,,0.2811851293486581,0.5138999742887242,fixed,0.0018942922207641612,NoChange,KRAB
Region_658,,,,,6.191486911578964e-4,0.01705914664338158,fixed,-0.008912879740258818,Depleted,KRAB
Region_659,,,,,0.3922573623363586,0.6139973489491799,fixed,0.003102908870044658,NoChange,KRAB
Region_660,,,,,0.30436981640576233,0.5363266977672136,fixed,0.006921265678615185,NoChange,KRAB
Region_661,,,,,0.8374277485697293,0.928098149570588,fixed,7.871699544085209e-4,NoChange,KRAB
Region_662,,,,,0.1164173782683741,0.3092018414066729,fixed,-0.00870973131044878,NoChange,KRAB
Region_663,,,,,0.12786232757018057,0.3264581946933914,fixed,-0.007491793085759843,NoChange,KRAB
Region_664,,,,,0.0023185986208625543,0.04200134672541672,fixed,-0.01621525290106409,Depleted,KRAB
Region_665,,,,,0.3015393397414717,0.5355270216438571,fixed,-0.0043862866414200756,NoChange,KRAB
Region_666,,,,,0.035415399204747094,0.1753447210626337,fixed,-0.01288153115602265,NoChange,KRAB
Region_667,,,,,0.593561531479271,0.776917464335655,fixed,-0.0033435997003961114,NoChange,KRAB
Region_668,,,,,0.2058468855326908,0.43169745760427647,fixed,-0.009874497977347442,NoChange,KRAB
Region_669,,,,,0.3544344682749962,0.5736538820493551,fixed,-0.0027223878705401453,NoChange,KRAB
Region_670,,,,,0.0363647311752049,0.17798168257471877,fixed,-0.00852215029024962,NoChange,KRAB
Region_671,,,,,0.6867856498306897,0.8357296095926852,fixed,0.0016244796429412387,NoChange,KRAB
Region_672,,,,,0.04391769520107795,0.18849849996857512,fixed,-0.009432642676896722,NoChange,KRAB
Region_673,,,,,0.046644832430655585,0.1940339833074303,fixed,-0.010608650517119152,NoChange,KRAB
Region_674,,,,,0.5637330149837467,0.7530216666425121,fixed,0.002224982859001429,NoChange,KRAB
Region_675,,,,,0.8423280660394492,0.9301343856508342,fixed,-8.498089690829793e-4,NoChange,KRAB
Region_676,,,,,0.6238002021010487,0.8015260706827297,fixed,-0.0016531314302905757,NoChange,KRAB
Region_677,,,,,0.17355025373909747,0.39218793636698907,fixed,-0.005973147853692465,NoChange,KRAB
Region_678,,,,,0.14233399030247784,0.34763073770926894,fixed,-0.0035833063216169714,NoChange,KRAB
Region_679,,,,,0.013803040514532527,0.11127937972335515,fixed,-0.005664918142430554,NoChange,KRAB
Region_680,,,,,0.004029348149791175,0.05826565340412319,fixed,-0.013269430746818144,NoChange,KRAB
Region_681,,,,,0.17203898023879746,0.39218793636698907,fixed,-0.007706411749574948,NoChange,KRAB
Region_682,,,,,0.8221704104594574,0.9156445524799092,fixed,7.527296620133637e-4,NoChange,KRAB
Region_683,,,,,0.2757400561223671,0.5106416123466481,fixed,-0.0064545553453678114,NoChange,KRAB
Region_684,,,,,0.1684389295871802,0.38646599748781424,fixed,-0.011593173436439353,NoChange,KRAB
Region_685,,,,,0.5842870389680982,0.7691986885837246,fixed,-0.004931115011156259,NoChange,KRAB
Region_686,,,,,0.3171786176402331,0.5472532588451748,fixed,-0.0030838318967435947,NoChange,KRAB
Region_687,,,,,0.06816436222838684,0.23754200688509294,fixed,-0.006481976381898897,NoChange,KRAB
Region_688,,,,,3.211607098927943e-4,0.011703096268493423,fixed,-0.012750076972641595,Depleted,KRAB
Region_689,,,,,0.09573763062529897,0.28225560355872936,fixed,0.008241458108872904,NoChange,KRAB
Region_690,,,,,0.006137564503976615,0.06955967038103575,fixed,0.00915962814124729,NoChange,KRAB
Region_691,,,,,0.9559405198161863,0.9759355706989137,fixed,2.316087432559902e-4,NoChange,KRAB
Region_692,,,,,0.0144810152035349,0.11471482478626344,fixed,0.017409799151745613,NoChange,KRAB
Region_693,,,,,0.03117993007822435,0.16330001490510987,fixed,-0.004438258279477453,NoChange,KRAB
Region_694,,,,,0.7491967289410681,0.8743858828999813,fixed,-8.991978074709021e-4,NoChange,KRAB
Region_695,,,,,0.5205841192542807,0.7201092525345167,fixed,0.0023124722879955765,NoChange,KRAB
Region_696,,,,,0.08249694365649851,0.26533449462563335,fixed,-0.01041814261541816,NoChange,KRAB
Region_697,,,,,0.31481114350522893,0.5452337485423262,fixed,-0.003337455592625355,NoChange,KRAB
Region_698,,,,,0.23120746111230336,0.4601267311772363,fixed,0.005949042335948015,NoChange,KRAB
Region_699,,,,,0.39589112910443214,0.6147307876653898,fixed,-0.0035107247009213047,NoChange,KRAB
Region_700,,,,,0.03484648394862837,0.17475465992263275,fixed,-0.0073567878981031275,NoChange,KRAB
Region_701,,,,,0.3283135784702551,0.553877166641486,fixed,0.0032407666534884786,NoChange,KRAB
Region_702,,,,,0.08160885966856561,0.26533449462563335,fixed,0.005078945188447513,NoChange,KRAB
Region_703,,,,,0.1119178910053344,0.3034440437674394,fixed,0.005933390421593587,NoChange,KRAB
Region_704,,,,,0.003824551819957729,0.05619623722550792,fixed,-0.0114614828931303,NoChange,KRAB
Region_705,,,,,0.7699595364826656,0.8935453983894374,fixed,-4.7621537343728993e-4,NoChange,KRAB
Region_706,,,,,0.09379312754589451,0.2809913033544401,fixed,-0.0044167371310354295,NoChange,KRAB
Region_707,,,,,0.019523836223280668,0.13528283502049732,fixed,-0.01660031921410545,NoChange,KRAB
Region_708,,,,,0.2097538574687367,0.4362688679315505,fixed,-0.006363733935227534,NoChange,KRAB
Region_709,,,,,0.020047401457483134,0.13528283502049732,fixed,0.016753793558359212,NoChange,KRAB
Region_710,,,,,0.4922104223948572,0.6919810104964735,fixed,-0.0022707314452030773,NoChange,KRAB
Region_711,,,,,0.10349244387860822,0.2875421400247082,fixed,0.007189531491922296,NoChange,KRAB
Region_712,,,,,0.5081716841328614,0.7078660615367534,fixed,-0.002657766312272485,NoChange,KRAB
Region_713,,,,,0.6596941317998384,0.819892706779881,fixed,0.0012682428697620455,NoChange,KRAB
Region_714,,,,,0.07139953902336162,0.24638250019046376,fixed,-0.007498335449840145,NoChange,KRAB
Region_715,,,,,0.9526540576551031,0.9751324118244932,fixed,2.2881062789650204e-4,NoChange,KRAB
Region_716,,,,,0.5592527730982864,0.7514443603134792,fixed,0.0013012551289014933,NoChange,KRAB
Region_717,,,,,0.09973012170726281,0.28571795827462404,fixed,0.004827646225677047,NoChange,KRAB
Region_718,,,,,0.6217462109813342,0.8015260706827297,fixed,-0.0031094034584736975,NoChange,KRAB
Region_719,,,,,0.0029244166405393277,0.04613066700662717,fixed,-0.012529331392189515,Depleted,KRAB
Region_720,,,,,0.6830488647579329,0.8352449876435931,fixed,-0.0021522233725558594,NoChange,KRAB
Region_721,,,,,0.7840270370234222,0.9010677170374786,fixed,-0.0013093701430670088,NoChange,KRAB
Region_722,,,,,0.858719454540297,0.9391277588069754,fixed,-6.044478428187894e-4,NoChange,KRAB
Region_723,,,,,0.3754468117709804,0.5969145646131991,fixed,0.006062482392930264,NoChange,KRAB
Region_724,,,,,0.03331587525067742,0.17223311501896624,fixed,-0.007012368447147882,NoChange,KRAB
Region_725,,,,,0.27870242109376203,0.5118909387427766,fixed,-0.004696228887898211,NoChange,KRAB
Region_726,,,,,0.11997323508316318,0.3149729601174688,fixed,-0.007447019614264465,NoChange,KRAB
Region_727,,,,,0.6974537418257523,0.8396022436196994,fixed,-0.0025105616775501073,NoChange,KRAB
Region_728,,,,,0.09407502472349531,0.2809913033544401,fixed,-0.010961774479235077,NoChange,KRAB
Region_729,,,,,0.005484619449816254,0.06456881350731654,fixed,-0.025897216899946982,NoChange,KRAB
Region_730,,,,,0.7986923351570415,0.9090072824692469,fixed,0.0014979677116028775,NoChange,KRAB
Region_731,,,,,0.6609736664139103,0.8203637739823874,fixed,-0.0014838309081621492,NoChange,KRAB
Region_732,,,,,0.5919171692269339,0.7763667600516897,fixed,0.002175048912696907,NoChange,KRAB
Region_733,,,,,0.8209151668116085,0.9155501981402008,fixed,-8.114313829769618e-4,NoChange,KRAB
Region_734,,,,,0.698900899718736,0.8399719256514095,fixed,-0.0016397898908794518,NoChange,KRAB
Region_735,,,,,0.5265812729902317,0.7246458303536271,fixed,-0.001755607599503674,NoChange,KRAB
Region_736,,,,,0.03034094094922319,0.16164091932597852,fixed,0.007110707119544929,NoChange,KRAB
Region_737,,,,,0.28119867719205144,0.5138999742887242,fixed,-0.0038804262648470225,NoChange,KRAB
Region_738,,,,,1.2423981233121152e-4,0.007617845429358219,fixed,-0.015311188409038142,Depleted,KRAB
Region_739,,,,,0.27578010238699324,0.5106416123466481,fixed,-0.006743668590071407,NoChange,KRAB
Region_740,,,,,0.21115011460186867,0.43817256128087095,fixed,-0.005069275403609633,NoChange,KRAB
Region_741,,,,,0.8629373606515242,0.9403539898965773,fixed,0.0011591426255228052,NoChange,KRAB
Region_742,,,,,0.24373574761296385,0.47445142323805567,fixed,0.003521758138153063,NoChange,KRAB
Region_743,,,,,0.9921613923883624,0.9954394586627734,fixed,5.520690155118763e-5,NoChange,KRAB
Region_744,,,,,0.00742037247429081,0.07428526729757064,fixed,-0.009610868178437407,NoChange,KRAB
Region_745,,,,,0.5309131577620212,0.7273111078514305,fixed,-0.0035463127014602586,NoChange,KRAB
Region_746,,,,,0.7263164689875918,0.8593172769450599,fixed,-8.666313930898367e-4,NoChange,KRAB
Region_747,,,,,0.04029756031933532,0.18384136378282687,fixed,-0.02433073891473582,NoChange,KRAB
Region_748,,,,,0.011148000566816028,0.10055275758781586,fixed,-0.010650575741309648,NoChange,KRAB
Region_749,,,,,0.034296313209852325,0.17454715829148307,fixed,-0.005983573571523147,NoChange,KRAB
Region_750,,,,,0.7471893917488169,0.8737991474751889,fixed,-0.0026538194248559646,NoChange,KRAB
Region_751,,,,,0.5966547310706616,0.7776143919962414,fixed,-0.0019086180312870966,NoChange,KRAB
Region_752,,,,,0.09221512209964657,0.2791622143165981,fixed,0.007122476099292492,NoChange,KRAB
Region_753,,,,,0.8680132827210914,0.9419692652243367,fixed,0.0010705010044175073,NoChange,KRAB
Region_754,,,,,0.8853017522419048,0.9510729909108199,fixed,0.0010608084254184248,NoChange,KRAB
Region_755,,,,,0.03533785838171202,0.1753447210626337,fixed,-0.0127109838330813,NoChange,KRAB
Region_756,,,,,0.17433507136807325,0.39218793636698907,fixed,-0.0070270235981869005,NoChange,KRAB
Region_757,,,,,0.005169340877655143,0.06342153415327913,fixed,-0.01738846613387028,NoChange,KRAB
Region_758,,,,,0.9898146607345509,0.9941798852581872,fixed,-9.887777287703549e-5,NoChange,KRAB
Region_759,,,,,0.7671122346099404,0.8913765889408873,fixed,-0.001414483566458475,NoChange,KRAB
Region_760,,,,,0.19425001065825181,0.4196501921107951,fixed,-0.004288594393021395,NoChange,KRAB
Region_761,,,,,0.3568337426274885,0.57637507009511,fixed,-0.0033523374111536297,NoChange,KRAB
Region_762,,,,,0.5959854405758901,0.7776143919962414,fixed,0.0025588823931597306,NoChange,KRAB
Region_763,,,,,0.053099301173252025,0.2081073206589986,fixed,0.01673371772745656,NoChange,KRAB
Region_764,,,,,0.5379863243703938,0.7336909303913605,fixed,0.0011549097991758568,NoChange,KRAB
Region_765,,,,,0.3063245731211185,0.5371645442635704,fixed,0.00451463774933634,NoChange,KRAB
Region_766,,,,,0.31868404385745414,0.5477757810455485,fixed,0.0033076060837196578,NoChange,KRAB
Region_767,,,,,0.012706814309087407,0.10422601679164224,fixed,-0.01486880196721069,NoChange,KRAB
Region_768,,,,,0.0897937591668307,0.2778427578027147,fixed,0.005657961358630131,NoChange,KRAB
Region_769,,,,,0.19486137150412156,0.4196501921107951,fixed,-0.0031587339388681997,NoChange,KRAB
Region_770,,,,,0.2699652077846811,0.5060458936046183,fixed,-0.006336373561444137,NoChange,KRAB
Region_771,,,,,0.001421263770214857,0.028772695437016327,fixed,-0.021222308105931766,Depleted,KRAB
Region_772,,,,,4.8327956774063183e-4,0.015181644352128125,fixed,0.013610012482861433,Enriched,KRAB
Region_773,,,,,0.14842260007406466,0.35488973403536195,fixed,0.012527545210983645,NoChange,KRAB
Region_774,,,,,0.5718938066689676,0.7572394500786847,fixed,0.0033965350766289744,NoChange,KRAB
Region_775,,,,,0.48548276020657716,0.6882103866010802,fixed,-0.002125085799350275,NoChange,KRAB
Region_776,,,,,0.49750155137416047,0.6961964874068512,fixed,0.0034002350861329963,NoChange,KRAB
Region_777,,,,,0.5671159345640907,0.7542227976465499,fixed,0.001349863060455003,NoChange,KRAB
Region_778,,,,,0.045431984374061866,0.19161360076282574,fixed,-0.020056053264109034,NoChange,KRAB
Region_779,,,,,0.3523829991506301,0.5722609022479124,fixed,-0.002850715072150815,NoChange,KRAB
Region_780,,,,,0.00439182155876547,0.05906119941501085,fixed,-0.017176092265208845,NoChange,KRAB
Region_781,,,,,0.020883666267587513,0.13687064726454837,fixed,-0.007321970403562242,NoChange,KRAB
Region_782,,,,,0.00636863824873042,0.06955967038103575,fixed,-0.008396665590342564,NoChange,KRAB
Region_783,,,,,0.9934574460349355,0.9956432709987086,fixed,-2.4344381072062932e-5,NoChange,KRAB
Region_784,,,,,0.3365848938370537,0.5585224741084807,fixed,0.005796388864307308,NoChange,KRAB
Region_785,,,,,0.025088911224179035,0.14815216998897024,fixed,-0.0074954341920684805,NoChange,KRAB
Region_786,,,,,0.5742696480578396,0.7582023904067999,fixed,-0.002114940875113882,NoChange,KRAB
Region_787,,,,,0.03653411047362504,0.17798168257471877,fixed,-0.02278676333281663,NoChange,KRAB
Region_788,,,,,0.012510989728086433,0.10422601679164224,fixed,-0.012058871726946602,NoChange,KRAB
Region_789,,,,,0.5287873642615638,0.7265841460667943,fixed,0.0017818547675534124,NoChange,KRAB
Region_790,,,,,0.7203747810428526,0.8591833206307627,fixed,0.002957279908936823,NoChange,KRAB
Region_791,,,,,0.6185468934976827,0.7992854184062254,fixed,-0.0014824435661287335,NoChange,KRAB
Region_792,,,,,0.027564864423892787,0.15305385785962192,fixed,-0.02238970761420344,NoChange,KRAB
Region_793,,,,,0.10012534086316939,0.28593788566253076,fixed,-0.01974500702220456,NoChange,KRAB
Region_794,,,,,0.21216165357664113,0.4392171765490476,fixed,-0.006451756774119541,NoChange,KRAB
Region_795,,,,,0.30274030312468325,0.5355270216438571,fixed,0.006675230871827108,NoChange,KRAB
Region_796,,,,,0.2126177550583205,0.4392171765490476,fixed,-0.004925857018219101,NoChange,KRAB
Region_797,,,,,0.5308747971088498,0.7273111078514305,fixed,0.002607252581729898,NoChange,KRAB
Region_798,,,,,0.5231551766897304,0.7215931755284003,fixed,-0.002831760763294627,NoChange,KRAB
Region_799,,,,,0.016417134436506588,0.12463341226381251,fixed,-0.01810431446441628,NoChange,KRAB
Region_800,,,,,0.2382010043017225,0.46641866528821513,fixed,0.004990241582401296,NoChange,KRAB
Region_801,,,,,0.006413844469821079,0.06955967038103575,fixed,-0.017798118433107503,NoChange,KRAB
Region_802,,,,,0.011507888733954516,0.10278124153561338,fixed,-0.008236669244408043,NoChange,KRAB
Region_803,,,,,0.8080811628164087,0.9133522820418714,fixed,8.452967709911278e-4,NoChange,KRAB
Region_804,,,,,0.0010990711360436302,0.02383937630799398,fixed,-0.006260533097108858,Depleted,KRAB
Region_805,,,,,0.6339364585348126,0.802105713507242,fixed,-0.0019164402784870276,NoChange,KRAB
Region_806,,,,,0.345825200649695,0.5656135687466287,fixed,-0.0048351741033331045,NoChange,KRAB
Region_807,,,,,0.002323481215033451,0.04200134672541672,fixed,-0.026641509118089948,Depleted,KRAB
Region_808,,,,,0.08270698204776676,0.26533449462563335,fixed,-0.004933060556366306,NoChange,KRAB
Region_809,,,,,0.39939522284117723,0.6166933017090042,fixed,-0.006666337556948296,NoChange,KRAB
Region_810,,,,,0.004198618077564995,0.05862034646519476,fixed,-0.010994764772004713,NoChange,KRAB
Region_811,,,,,0.037933091528339964,0.17966478057560453,fixed,0.007747401217526098,NoChange,KRAB
Region_812,,,,,0.47040536684870116,0.6738039138351678,fixed,0.0029226987609648615,NoChange,KRAB
Region_813,,,,,0.6227408759541823,0.8015260706827297,fixed,0.00166135207572653,NoChange,KRAB
Region_814,,,,,0.018642055384558345,0.13518720573668286,fixed,-0.006015868886745585,NoChange,KRAB
Region_815,,,,,0.780271546218761,0.899781491905432,fixed,-0.0013801715749321754,NoChange,KRAB
Region_816,,,,,0.059485740669910685,0.22118983571546383,fixed,-0.008020947792968667,NoChange,KRAB
Region_817,,,,,0.11391466448699986,0.30469154818716615,fixed,0.007541597944941449,NoChange,KRAB
Region_818,,,,,0.003133422954453051,0.04757580519177883,fixed,0.0064892760910910076,Enriched,KRAB
Region_819,,,,,0.022666694210349374,0.1404718260246822,fixed,-0.006422213941498768,NoChange,KRAB
Region_820,,,,,0.3545193585003149,0.5736538820493551,fixed,0.003082911644490288,NoChange,KRAB
Region_821,,,,,0.25237019657695065,0.48666092572571573,fixed,-0.0045978198162870045,NoChange,KRAB
Region_822,,,,,0.0735208819057411,0.2517952008125193,fixed,0.013598414273491925,NoChange,KRAB
Region_823,,,,,0.2722071336352021,0.5092006134325855,fixed,0.004651234648672334,NoChange,KRAB
Region_824,,,,,0.006732123384944873,0.07109369086807926,fixed,0.006600032423960703,NoChange,KRAB
Region_825,,,,,0.005270722288370276,0.06342153415327913,fixed,-0.011295403010687587,NoChange,KRAB
Region_826,,,,,4.9587906254656786e-5,0.0048306137562843295,fixed,-0.014652467068751975,Depleted,KRAB
Region_827,,,,,0.8070058710169237,0.9132699981321956,fixed,-7.513494361975626e-4,NoChange,KRAB
Region_828,,,,,0.31253166459121506,0.543351806188162,fixed,0.005868778483870265,NoChange,KRAB
Region_829,,,,,1.3340182528487394e-5,0.002787596267672276,fixed,0.022473237635311713,Enriched,KRAB
Region_830,,,,,0.15189770427755325,0.35849432278976945,fixed,-0.0044347791189570385,NoChange,KRAB
Region_831,,,,,0.5483142455913023,0.7422203235270081,fixed,0.0035177466595184776,NoChange,KRAB
Region_832,,,,,0.6655280551765181,0.8222256168356575,fixed,0.0021295759970129534,NoChange,KRAB
Region_833,,,,,0.43299605777581207,0.6455964134758835,fixed,0.0036552509937087464,NoChange,KRAB
Region_834,,,,,0.15899256186228988,0.36949546902180125,fixed,-0.015128566243861231,NoChange,KRAB
Region_835,,,,,0.18773174592658703,0.4151058750949534,fixed,0.005438932454268507,NoChange,KRAB
Region_836,,,,,0.28552369883012957,0.5181515729765896,fixed,-0.00396994619385114,NoChange,KRAB
Region_837,,,,,0.16884024917689358,0.38646599748781424,fixed,0.010255245280534469,NoChange,KRAB
Region_838,,,,,0.07475401579235988,0.2523916427397033,fixed,-0.01773682772626782,NoChange,KRAB
Region_839,,,,,0.067806719284491307,0.23754200688509294,fixed,-0.011740293631671252,NoChange,KRAB
Region_840,,,,,0.09257265351147485,0.2791622143165981,fixed,-0.012403428517978208,NoChange,KRAB
Region_841,,,,,0.5480475412111834,0.7422203235270081,fixed,-0.003635576470042053,NoChange,KRAB
Region_842,,,,,0.8128685485585652,0.9145890881247521,fixed,0.0013523906998770116,NoChange,KRAB
Region_843,,,,,0.5412429571717983,0.7359288566918033,fixed,0.0021118198733931087,NoChange,KRAB
Region_844,,,,,0.9389222020060377,0.9675996900763577,fixed,2.8679965905309754e-4,NoChange,KRAB
Region_845,,,,,0.8797748373153772,0.9487968270128289,fixed,-7.702465557679444e-4,NoChange,KRAB
Region_846,,,,,0.17632819791294918,0.3946805609304587,fixed,0.0040790032160555635,NoChange,KRAB
Region_847,,,,,0.03456241913155444,0.17475465992263275,fixed,-0.023634297429734337,NoChange,KRAB
Region_848,,,,,0.09490782540493754,0.2816320161039026,fixed,-0.007375892329650165,NoChange,KRAB
Region_849,,,,,0.3882357849260687,0.6108511227420528,fixed,0.005444008112995504,NoChange,KRAB
Region_850,,,,,0.0791394196150667,0.26408795336749363,fixed,-0.006931243697229049,NoChange,KRAB
Region_851,,,,,0.287510244030141,0.5207193485317265,fixed,0.0027311820608552956,NoChange,KRAB
Region_852,,,,,0.9056107473236178,0.9552861219848467,fixed,8.092320608326836e-4,NoChange,KRAB
Region_853,,,,,0.05736301018669145,0.2174588958821256,fixed,-0.00852176057257037,NoChange,KRAB
Region_854,,,,,0.3713273962850906,0.5913973042232824,fixed,-0.00485826374923185,NoChange,KRAB
Region_855,,,,,0.026824444457826436,0.1517830366526701,fixed,-0.009568596757570994,NoChange,KRAB
Region_856,,,,,0.172439354968823,0.39218793636698907,fixed,-0.0061959797244423255,NoChange,KRAB
Region_857,,,,,0.6655500945588435,0.8222256168356575,fixed,-0.0017719387379054893,NoChange,KRAB
Region_858,,,,,0.2972930436599323,0.5320903001457727,fixed,-0.011600147457181109,NoChange,KRAB
Region_859,,,,,0.4246871629750484,0.6405463666726309,fixed,-0.0029683032446295196,NoChange,KRAB
Region_860,,,,,0.6336170549085997,0.802105713507242,fixed,-0.0016924857247240276,NoChange,KRAB
Region_861,,,,,0.23095548159121568,0.4601267311772363,fixed,-0.003989913946048202,NoChange,KRAB
Region_862,,,,,0.918828319210865,0.9580546648553869,fixed,-0.0011017290426976092,NoChange,KRAB
Region_863,,,,,4.1311641897651087e-4,0.013441037774557192,fixed,-0.024179813472333552,Depleted,KRAB
Region_864,,,,,0.34165728914683124,0.5648816522917663,fixed,-0.0035196560658410543,NoChange,KRAB
Region_865,,,,,0.7784709878792037,0.899781491905432,fixed,0.0021862972023986814,NoChange,KRAB
Region_866,,,,,0.27707295645417396,0.5111690127413173,fixed,-0.008799226411997672,NoChange,KRAB
Region_867,,,,,0.01978003954557171,0.13528283502049732,fixed,-0.014356613586275139,NoChange,KRAB
Region_868,,,,,3.195284674703374e-4,0.011703096268493423,fixed,-0.02317657689780898,Depleted,KRAB
Region_869,,,,,0.08569805876710358,0.26921010874769435,fixed,-0.007362098620775873,NoChange,KRAB
Region_870,,,,,0.775834738775471,0.8980755362445414,fixed,0.0012548153824188666,NoChange,KRAB
Region_871,,,,,0.052079480726962286,0.2080895041327309,fixed,0.006409127469032283,NoChange,KRAB
Region_872,,,,,0.06526703333617347,0.23283089155674772,fixed,-0.006969742379848121,NoChange,KRAB
Region_873,,,,,0.006960244003357215,0.07124474479840925,fixed,0.011306820216380332,NoChange,KRAB
Region_874,,,,,0.6495464498780487,0.8117103097927328,fixed,0.0021386348448553536,NoChange,KRAB
Region_875,,,,,0.7870270414496953,0.9018636915228583,fixed,5.025217857120932e-4,NoChange,KRAB
Region_876,,,,,0.4908892864509066,0.6911903245081544,fixed,0.004490801168009782,NoChange,KRAB
Region_877,,,,,0.28148856989031107,0.5138999742887242,fixed,-0.006168669262560397,NoChange,KRAB
Region_878,,,,,0.1474234128205568,0.35342823441980853,fixed,-0.005294775589391156,NoChange,KRAB
Region_879,,,,,0.8864384079010603,0.9511724259103251,fixed,5.328088999222935e-4,NoChange,KRAB
Region_880,,,,,0.8487907189725163,0.9327483051676265,fixed,6.527841137671634e-4,NoChange,KRAB
Region_881,,,,,0.6305414159773042,0.802105713507242,fixed,-0.001695858919296608,NoChange,KRAB
Region_882,,,,,0.04914363610590042,0.2007616703698443,fixed,-0.011774266968200518,NoChange,KRAB
Region_883,,,,,0.056791272883253155,0.21738172099430095,fixed,-0.009538902085980332,NoChange,KRAB
Region_884,,,,,0.14713914771107928,0.35342823441980853,fixed,0.007233225314520087,NoChange,KRAB
Region_885,,,,,0.862103800706131,0.9403539898965773,fixed,0.0018045930015371295,NoChange,KRAB
Region_886,,,,,0.2729660347672813,0.5095738886741666,fixed,-0.005758129197770425,NoChange,KRAB
Region_887,,,,,0.06831614248506515,0.23754200688509294,fixed,-0.012759360195700849,NoChange,KRAB
Region_888,,,,,0.9136557030928307,0.9556146332004234,fixed,-4.061681614213071e-4,NoChange,KRAB
Region_889,,,,,0.6313219012407634,0.802105713507242,fixed,-0.0015038524568156918,NoChange,KRAB
Region_890,,,,,0.044992530960745514,0.1906427707220426,fixed,-0.004879085537624367,NoChange,KRAB
Region_891,,,,,0.1022020490199785,0.2875421400247082,fixed,0.009274736799459391,NoChange,KRAB
Region_892,,,,,0.17312219761061232,0.39218793636698907,fixed,-0.004363294682322798,NoChange,KRAB
Region_893,,,,,0.9052198156092734,0.9552861219848467,fixed,-3.611182573747125e-4,NoChange,KRAB
Region_894,,,,,0.2663247674509931,0.5013000704073589,fixed,-0.004149325506401909,NoChange,KRAB
Region_895,,,,,0.32320267607623365,0.5513813443922263,fixed,-0.004107360943377363,NoChange,KRAB
Region_896,,,,,0.1071301597139038,0.29396257680532034,fixed,-0.007196205601556806,NoChange,KRAB
Region_897,,,,,0.9979725002168897,0.9990691732940511,fixed,7.726126966551993e-6,NoChange,KRAB
Region_898,,,,,0.23206054709457666,0.4605820444513275,fixed,-0.002666809738148393,NoChange,KRAB
Region_899,,,,,0.8156224486582009,0.914977974738878,fixed,0.0015176890230535187,NoChange,KRAB
Region_900,,,,,0.034912566526804786,0.17475465992263275,fixed,-0.014320511302707438,NoChange,KRAB
Region_901,,,,,0.33486231002217254,0.558350360686316,fixed,-0.0032044537384005294,NoChange,KRAB
Region_902,,,,,0.6871146845059508,0.8357296095926852,fixed,-0.0029952071476031924,NoChange,KRAB
Region_903,,,,,0.7231040379777941,0.8591833206307627,fixed,0.0014871946159930758,NoChange,KRAB
Region_904,,,,,0.2661804352685084,0.5013000704073589,fixed,-0.003339996569715071,NoChange,KRAB
Region_905,,,,,0.1755664636824564,0.3939434690017679,fixed,-0.005422180245060723,NoChange,KRAB
Region_906,,,,,0.0045907533010501244,0.06004187401649204,fixed,-0.01132470890495002,NoChange,KRAB
Region_907,,,,,0.006363015189606155,0.06955967038103575,fixed,-0.01513193601350853,NoChange,KRAB
Region_908,,,,,0.2149232718185918,0.439988990172443,fixed,-0.005041883022062966,NoChange,KRAB
Region_909,,,,,0.04276970130408969,0.18849849996857512,fixed,-0.00988685498705072,NoChange,KRAB
Region_910,,,,,0.020372925738361743,0.1358162087761896,fixed,-0.00912089745611238,NoChange,KRAB
