Gene,pvalue,estimate,fdr,Result,Construct
Region_1,1.4136767983247397e-5,-0.018555887002159193,1.8521214865008183e-4,Depleted,VPR
Region_2,0.0026399893179359815,0.02339644929647127,0.008584713465518444,Enriched,VPR
Region_3,8.482956972085983e-5,0.03430814002147009,6.514953683842588e-4,Enriched,VPR
Region_4,0.014121033501216624,0.015408675636162989,0.03083433402198026,Enriched,VPR
Region_5,0.38837024103468587,0.002474278889770857,0.4588803522609374,NoChange,VPR
Region_6,0.019845293710004715,-0.022761621447828596,0.04013455372224667,Depleted,VPR
Region_7,0.12643139926096075,-0.025777706788262605,0.17914417700926102,NoChange,VPR
Region_8,0.0017608853218153545,-0.025383092260558578,0.006146101663787956,Depleted,VPR
Region_9,0.007566995609263296,-0.01583416579297576,0.018844529010396748,Depleted,VPR
Region_10,3.6227076342748e-6,0.04090967737445609,6.822766044550873e-5,Enriched,VPR
Region_11,0.0010757767262438139,0.020341012643033618,0.004284150486891664,Enriched,VPR
Region_12,0.15661233542532826,-0.009548916960149846,0.2168109513391987,NoChange,VPR
Region_13,6.958014351610642e-5,-0.014862772107977783,5.566411481288514e-4,Depleted,VPR
Region_14,0.6089845085796914,0.002793029871835779,0.6681092181505353,NoChange,VPR
Region_15,7.0774146312710036e-6,0.030826601339690275,1.0663304711114979e-4,Enriched,VPR
Region_16,0.004979588886971121,-0.02461787621575395,0.01351816322469037,Depleted,VPR
Region_17,0.00407381755025244,-0.019641685410015076,0.011803625209705789,Depleted,VPR
Region_18,4.618003617566593e-4,-0.028416056821489007,0.002295492184898165,Depleted,VPR
Region_19,0.004267499579906722,-0.027102724371078732,0.012191419973455665,Depleted,VPR
Region_20,1.1344843779829116e-5,0.02312521254271457,1.5307072801441074e-4,Enriched,VPR
Region_21,0.11418571997567084,0.016651722946826215,0.16542290201603596,NoChange,VPR
Region_22,0.5527817870659655,-0.0029548438224934917,0.616171067210398,NoChange,VPR
Region_23,0.1776944941297548,0.006332285683431295,0.2393976493193716,NoChange,VPR
Region_24,0.004585556566892122,-0.03285464859103833,0.012794268939723697,Depleted,VPR
Region_25,0.5172030015576055,-0.0030465172140415548,0.5822559320150378,NoChange,VPR
Region_26,0.011073127239222312,0.015450458849950787,0.025732922941534626,Enriched,VPR
Region_27,4.685714704602488e-5,-0.023987402140894117,4.2600592632596426e-4,Depleted,VPR
Region_28,0.7095832826075316,-0.005386987921978872,0.7582308362614758,NoChange,VPR
Region_29,0.47086326194712025,-0.0030064582831141507,0.5388106187344263,NoChange,VPR
Region_30,0.019933333393040552,-0.030177110277165086,0.04021690536353245,Depleted,VPR
Region_31,1.6888679934299634e-5,-0.030110203437101565,2.063157656838766e-4,Depleted,VPR
Region_32,0.004711140202218563,-0.025770529689577555,0.013024069549864162,Depleted,VPR
Region_33,0.9997068270192715,4.066742052517207e-6,0.9997068270192715,NoChange,VPR
Region_34,0.013095194448185498,-0.020939138570788465,0.029229767360888125,Depleted,VPR
Region_35,0.2219860170593306,-0.006209992234992124,0.28586233535845423,NoChange,VPR
Region_36,0.21440697503331943,0.006804664177132804,0.27808307809199534,NoChange,VPR
Region_37,0.005361911330194986,-0.018930255752560347,0.014316778956664259,Depleted,VPR
Region_38,0.400151649006061,0.006971930965163567,0.4679651884883301,NoChange,VPR
Region_39,1.6147892135879616e-5,-0.014378105636892267,2.0195396699550005e-4,Depleted,VPR
Region_40,3.561342939754765e-4,-0.026566872512435107,0.0018827216476832208,Depleted,VPR
Region_41,0.29232222760187254,-0.008132902880169738,0.35856077849673373,NoChange,VPR
Region_42,0.4839749172766181,0.00436563687981686,0.5517191995183641,NoChange,VPR
Region_43,0.0058451927023154835,-0.011293565535364149,0.015271832956338719,Depleted,VPR
Region_44,0.05636030272813133,0.015429105844904168,0.09098163154684057,NoChange,VPR
Region_45,0.001619856316789727,-0.022279986822320564,0.005847303928187892,Depleted,VPR
Region_46,0.43883096897130813,0.005451211064882319,0.5059989744261002,NoChange,VPR
Region_47,0.14021521232794426,0.006313424862333197,0.19617092061062508,NoChange,VPR
Region_49,0.004131232652375934,-0.0385314553527793,0.011893739865438993,Depleted,VPR
Region_50,0.18472215863031696,-0.009482605494832796,0.24738841848458937,NoChange,VPR
Region_51,0.02519308500990144,0.020123391333500502,0.04876777055449872,Enriched,VPR
Region_52,6.738732134968067e-8,-0.029153414763010643,3.2397442097636373e-6,Depleted,VPR
Region_54,0.28801466223314764,-0.010224462036763018,0.35423844171260604,NoChange,VPR
Region_55,3.6671377515339466e-5,-0.03965661502620428,3.5166464252159557e-4,Depleted,VPR
Region_56,0.004445176193560111,0.015602862205690184,0.012518502426723801,Enriched,VPR
Region_57,0.35423739806789384,0.004556933902010663,0.42583857427310645,NoChange,VPR
Region_58,0.3867035204575606,-0.005471318821222932,0.45847038737932394,NoChange,VPR
Region_59,0.12279199211294708,-0.011840881934741206,0.17591752911268488,NoChange,VPR
Region_60,0.0739663671001413,-0.00930403136025161,0.11469227419987604,NoChange,VPR
Region_61,0.4177880541719088,-0.010180063008535745,0.4867015476435639,NoChange,VPR
Region_62,0.0014027406723053273,-0.027228382543714385,0.0052617326463237175,Depleted,VPR
Region_64,0.486095666670896,-0.005379227946107183,0.5527427454974716,NoChange,VPR
Region_65,3.298020767812744e-4,-0.013774372878803492,0.0018069156206683154,Depleted,VPR
Region_66,2.9630043024242185e-5,0.032215617503942,3.043813510672152e-4,Enriched,VPR
Region_67,0.20565394355499317,0.00644707746656829,0.269827525360978,NoChange,VPR
Region_68,5.510366977728804e-4,-0.023111301044890602,0.002608048035532376,Depleted,VPR
Region_69,0.00560812960646748,-0.015344857332795727,0.014737642919321517,Depleted,VPR
Region_70,0.15221927719745693,-0.008515701865436525,0.2119920805140425,NoChange,VPR
Region_71,7.19824627909852e-4,-0.015364676607809944,0.003189811096227972,Depleted,VPR
Region_72,0.14478814697973705,0.014588597284166694,0.2019884025766702,NoChange,VPR
Region_73,0.04136553168831929,0.016782648819041103,0.0714998865128884,NoChange,VPR
Region_74,3.683328141549405e-5,-0.015987263012117944,3.5166464252159557e-4,Depleted,VPR
Region_75,0.06344553136869095,-0.008893049326692467,0.10027056006520388,NoChange,VPR
Region_76,0.5497995342707774,0.004300779587456935,0.6143619023248241,NoChange,VPR
Region_77,0.021496121496885536,-0.01046442592091636,0.042429025836647434,Depleted,VPR
Region_78,0.0016614469526764473,-0.0217789055484801,0.005936553538417029,Depleted,VPR
Region_79,0.010260325695363155,-0.015699341047710865,0.024154516741167427,Depleted,VPR
Region_80,0.12336343271681398,-0.010825347854482423,0.1763393674548549,NoChange,VPR
Region_81,0.6706282330204719,0.001975266970233801,0.7217237174410793,NoChange,VPR
Region_82,0.02870118715205052,-0.018888032356074495,0.053768252956404146,NoChange,VPR
Region_83,7.111015304518905e-4,0.015955379077027217,0.0031666787365936407,Enriched,VPR
Region_84,0.7339221959252004,-0.0024322300012783434,0.7787155693854239,NoChange,VPR
Region_85,0.03849080677444065,-0.022454945433748767,0.06796033071112177,NoChange,VPR
Region_86,0.009067842719870088,-0.018338954260347092,0.02191799416781433,Depleted,VPR
Region_87,0.01878576925719431,-0.017610347183877054,0.03855302829168509,Depleted,VPR
Region_88,0.21069069688982464,-0.005794310950837702,0.2748403895936529,NoChange,VPR
Region_89,0.8161257608955731,0.002066916470616057,0.8451061716490242,NoChange,VPR
Region_90,0.002272996992540461,-0.030218515089570415,0.007667124183793197,Depleted,VPR
Region_91,0.0021425661300847436,-0.020038340888572172,0.007306533871979268,Depleted,VPR
Region_92,0.02382956033984371,0.013548305883300965,0.046526830555547974,Enriched,VPR
Region_93,0.8190550128264098,0.001612585455812322,0.8471690292849822,NoChange,VPR
Region_94,0.03905909799574408,-0.01294179459416026,0.06856198949155853,NoChange,VPR
Region_95,6.657821333304739e-5,-0.014815766163256907,5.471518623006805e-4,Depleted,VPR
Region_96,5.015923218119525e-6,0.029255226301805593,8.719989594577019e-5,Enriched,VPR
Region_97,0.012248623518803294,-0.008835114096035164,0.027961504194439844,Depleted,VPR
Region_98,0.3971796347468304,-0.008136282089037227,0.46653714754794207,NoChange,VPR
Region_99,4.923224701094805e-4,-0.02265720160596333,0.002392793080532099,Depleted,VPR
Region_100,0.15327828706627486,-0.011250286570190877,0.21284726806130946,NoChange,VPR
Region_101,0.7830612027957964,0.0013775037593955653,0.8193140362585647,NoChange,VPR
Region_102,0.018672646649423242,-0.030362122034401078,0.03845119036692167,Depleted,VPR
Region_103,0.05124185537246773,0.008479827047246357,0.08431856694407108,NoChange,VPR
Region_104,0.563100589227225,-0.004452006602064273,0.625359868134412,NoChange,VPR
Region_105,3.5554769544720856e-4,0.024616138065395674,0.0018827216476832208,Enriched,VPR
Region_106,0.03609496352091512,-0.028523106335573114,0.06487047121850352,NoChange,VPR
Region_107,8.629096258762826e-4,0.017141774949592792,0.0036451883261315863,Enriched,VPR
Region_108,2.1254383788680066e-5,0.027752128475672214,2.4007692632719638e-4,Enriched,VPR
Region_109,1.1419241437325972e-4,-0.025215360375851807,7.880148289574565e-4,Depleted,VPR
Region_110,4.317616373631858e-6,0.036185420353826755,7.965561636251427e-5,Enriched,VPR
Region_111,0.12174916215344074,-0.007061605963194822,0.1747003850582705,NoChange,VPR
Region_112,0.2550688564648057,-0.008257821363172551,0.32204224335779935,NoChange,VPR
Region_113,0.9615514847237725,3.568570004386164e-4,0.9712207175310507,NoChange,VPR
Region_114,8.908416174034181e-5,0.02633842413145978,6.655543984567686e-4,Enriched,VPR
Region_115,0.21854160195005534,0.014009769197778929,0.28182825700834524,NoChange,VPR
Region_116,0.0816148326446432,-0.026954701178701728,0.12379162535361989,NoChange,VPR
Region_117,0.9093825150725685,-0.0014760635481304383,0.9268114922498331,NoChange,VPR
Region_118,0.3147947613776288,0.009010741914319314,0.383007354354477,NoChange,VPR
Region_119,0.047298360961720104,-0.026012803902547215,0.07865252935912276,NoChange,VPR
Region_120,4.646368733031614e-6,0.024371681715902174,8.400634669321157e-5,Enriched,VPR
Region_121,0.008600405570383624,-0.03045066475020546,0.021069828280831426,Depleted,VPR
Region_122,0.01695330115360674,0.014786461674568738,0.03555866413656727,Enriched,VPR
Region_123,0.03430732571369933,-0.019238114990034375,0.06277344646151599,NoChange,VPR
Region_124,0.0029217879896105757,-0.03671284192675957,0.009116442141315064,Depleted,VPR
Region_125,0.16994622109179647,0.006442400609442476,0.23028747012726894,NoChange,VPR
Region_126,0.016758553748434036,0.0229709400015572,0.03531406197805214,Enriched,VPR
Region_127,0.016471694309388177,0.013630953877479408,0.035201918807770474,Enriched,VPR
Region_128,0.6108252202920342,0.00296214849361465,0.6685060522324443,NoChange,VPR
Region_129,0.6107779582501072,-0.002690424675497751,0.6685060522324443,NoChange,VPR
Region_130,0.46159903450869066,-0.004258605211959608,0.5295501614160614,NoChange,VPR
Region_131,0.028727949311884073,-0.022341453917421834,0.053768252956404146,NoChange,VPR
Region_132,0.307927463951535,-0.0028038635648541376,0.37515691025901293,NoChange,VPR
Region_133,0.44979967160130746,0.004618590495433775,0.517326848762827,NoChange,VPR
Region_134,0.014222794469056027,0.009105693502539034,0.030981701686811202,Enriched,VPR
Region_135,0.03824843976333963,-0.0383147554780449,0.0677972344040373,NoChange,VPR
Region_136,2.929650609311945e-4,-0.06192399425663378,0.0016359848071333038,Depleted,VPR
Region_138,0.27144334225904665,-0.008509771068490823,0.33753064842115293,NoChange,VPR
Region_139,1.437970361783531e-6,0.05286642421822263,3.420855808032401e-5,Enriched,VPR
Region_140,0.37021008329172267,-0.004665826566381114,0.4415170386487035,NoChange,VPR
Region_141,0.163991277031209,-0.01532502408300197,0.22407801213550732,NoChange,VPR
Region_142,0.44698992506252827,-0.005978720482423734,0.5147501812185039,NoChange,VPR
Region_143,0.16516334303919772,-0.01254642495177032,0.22520009367637217,NoChange,VPR
Region_144,0.9652982476812234,1.782186940431097e-4,0.97391698203552,NoChange,VPR
Region_145,0.25075152601983086,-0.011647396175662943,0.3174781225797298,NoChange,VPR
Region_146,1.2818152847899907e-8,0.02624089683991339,8.276864410358225e-7,Enriched,VPR
Region_147,0.7523109497853564,0.00224958622924235,0.7963572583207988,NoChange,VPR
Region_148,0.20281361065543932,-0.01631874893951812,0.26648765121005397,NoChange,VPR
Region_149,0.022118860845116297,0.02108607627349863,0.04337407853359031,Enriched,VPR
Region_150,2.9206598596362063e-4,0.02995324821082388,0.0016359848071333038,Enriched,VPR
Region_151,2.8096586574564736e-4,-0.04967764097404494,0.001617790717414428,Depleted,VPR
Region_152,0.03888211462924282,-0.007950419031585458,0.06838410821952434,NoChange,VPR
Region_153,0.246010397312348,-0.009542281104590974,0.31278959095690945,NoChange,VPR
Region_154,3.0464419711950704e-4,-0.014520109482075093,0.0016895604551903948,Depleted,VPR
Region_155,0.03980599609723483,0.01924108904547362,0.06920119321519286,NoChange,VPR
Region_156,0.01235451411756677,-0.018832529210815963,0.02813219335586992,Depleted,VPR
Region_157,0.1886282173580166,-0.014803586091074263,0.2511338858492592,NoChange,VPR
Region_158,0.008787831815148797,-0.017812421003693322,0.021470810705120302,Depleted,VPR
Region_159,0.006338030518509585,0.035943135778191034,0.01623110365080075,Enriched,VPR
Region_160,3.695590822959246e-5,0.03085688725858814,3.5166464252159557e-4,Enriched,VPR
Region_161,6.081099094125903e-7,-0.0356781656662169,1.7179104940905676e-5,Depleted,VPR
Region_162,0.7738958826206435,0.0013518695099456852,0.8125457350627895,NoChange,VPR
Region_163,0.0012386766584344163,-0.0166357661905883,0.004730479369745251,Depleted,VPR
Region_164,0.7914771498690522,-0.001565258991352917,0.8262070940896341,NoChange,VPR
Region_165,0.042161536352489745,-0.018640585263755453,0.07273669630276856,NoChange,VPR
Region_166,2.3009541283610326e-4,-0.017729891091729788,0.0013506899558690735,Depleted,VPR
Region_167,9.996458850018335e-8,0.04021113548667136,4.107635818371171e-6,Enriched,VPR
Region_168,0.8023206246598016,0.0017948099374785805,0.8349370767231681,NoChange,VPR
Region_169,0.01609345520050803,-0.019593340870711837,0.0345569679364828,Depleted,VPR
Region_170,2.987203326701013e-7,0.031601860357547834,9.644399311920414e-6,Enriched,VPR
Region_171,0.0044265186059306745,-0.013593942474762779,0.012504915061754156,Depleted,VPR
Region_172,0.004565323773850994,-0.017632563301275793,0.012794268939723697,Depleted,VPR
Region_173,0.16970178621497195,-0.005721552312572647,0.23028747012726894,NoChange,VPR
Region_174,2.0769867414999787e-4,-0.047330794294914415,0.0012486744578665766,Depleted,VPR
Region_175,0.6045984816701997,0.0040266087766101365,0.664103314009551,NoChange,VPR
Region_176,0.013364351588103464,0.015581844839361272,0.02953881133409665,Enriched,VPR
Region_177,0.0017279584034686159,0.03804652116363396,0.006086629637300703,Enriched,VPR
Region_178,3.5058705145059717e-4,0.026875352817209378,0.0018791520081989698,Enriched,VPR
Region_179,0.8593640448275264,0.0033399857761003187,0.887845824598953,NoChange,VPR
Region_180,3.478756349997645e-4,-0.011933996121966889,0.0018791520081989698,Depleted,VPR
Region_181,2.974129094464595e-10,-0.040133491914129356,3.220887012883217e-8,Depleted,VPR
Region_182,0.9728100519729544,-2.0711406835548482e-4,0.9793098964182081,NoChange,VPR
Region_183,0.001532165963707268,-0.012495323503200016,0.005630398500777928,Depleted,VPR
Region_184,0.006748230070261126,-0.034454207888294446,0.016945555509766827,Depleted,VPR
Region_185,0.013012027699835588,0.025331748177270047,0.02911602237784993,Enriched,VPR
Region_186,0.002754279862337752,-0.04147040481650562,0.008718425306782414,Depleted,VPR
Region_187,0.3933214615457767,-0.00779669351383392,0.4629721370278413,NoChange,VPR
Region_188,0.0039978237238935685,-0.028721353593974628,0.0116713065456913,Depleted,VPR
Region_190,0.0024486166133644845,-0.0483520560894602,0.008197215235616747,Depleted,VPR
Region_191,0.9880726701182061,-1.422293621289237e-4,0.9913625902184887,NoChange,VPR
Region_192,0.3798811615098472,-0.003667464874885724,0.4518586447432919,NoChange,VPR
Region_193,0.014909814886334225,0.016314837748594546,0.03232247639627371,Enriched,VPR
Region_194,7.79201982709482e-4,-0.017823801958015615,0.003362489795405172,Depleted,VPR
Region_195,0.7643776637059327,0.0030426777721631404,0.8081841029124716,NoChange,VPR
Region_196,0.39909960199093886,-0.010969355018902303,0.467339430310633,NoChange,VPR
Region_197,0.0168355922902755,-0.013788868374186953,0.0353938963497885,Depleted,VPR
Region_198,0.047417730642391485,-0.015344380896763928,0.07865252935912276,NoChange,VPR
Region_199,2.510295365885484e-6,0.03321024305680864,5.15751593354654e-5,Enriched,VPR
Region_200,0.006064339051468545,0.01839524340885124,0.015708202012972964,Enriched,VPR
Region_201,0.2673713971781237,-0.006475920782549338,0.33338447317106734,NoChange,VPR
Region_202,0.07972204244254118,-0.020717765598146417,0.12153242220583005,NoChange,VPR
Region_203,0.38048658562447535,-0.007466438323759496,0.45198406492053317,NoChange,VPR
Region_204,0.0030388662056531775,-0.05185242078245079,0.00944032663199475,Depleted,VPR
Region_205,0.061408261417556294,-0.010852168230873977,0.09740158005253433,NoChange,VPR
Region_206,2.033683870523705e-5,0.029397243353982094,2.3875976869525053e-4,Enriched,VPR
Region_207,0.8909342373316912,-8.36332812449626e-4,0.9131570867889444,NoChange,VPR
Region_208,0.0012452185987301058,-0.03448675626644318,0.004730479369745251,Depleted,VPR
Region_209,0.23197472339667868,-0.01694735884784424,0.29703279029829677,NoChange,VPR
Region_210,0.23100042820470515,-0.005175369824627118,0.29620480439298363,NoChange,VPR
Region_211,0.30343624562603666,-0.010707772233468225,0.3701840297516021,NoChange,VPR
Region_212,0.2066795532421438,-0.006045525085030023,0.2707801683056492,NoChange,VPR
Region_213,0.5562555606205125,-0.005916473870672061,0.6192795896563341,NoChange,VPR
Region_214,0.5613267082067123,-0.004691868698906357,0.6241566349555571,NoChange,VPR
Region_215,0.005149272335935578,-0.05289789091843759,0.013936952669717851,Depleted,VPR
Region_216,0.007103945473265816,0.024512893026979506,0.01778938146213933,Enriched,VPR
Region_217,0.2180166648423262,-0.0073313608083905215,0.28155295002494696,NoChange,VPR
Region_218,3.6034059239061547e-05,-0.019524060799202107,3.5166464252159557e-4,Depleted,VPR
Region_219,0.684975833398467,-0.002273535200388488,0.7354134838387342,NoChange,VPR
Region_221,0.061414713086221866,-0.008441517410291623,0.09740158005253433,NoChange,VPR
Region_222,2.0138882315411333e-4,-0.014194266865406835,0.001221848967324285,Depleted,VPR
Region_223,0.0043813111499331776,-0.02695790804591648,0.012455048048866643,Depleted,VPR
Region_224,0.019747098664581523,-0.014824715960097058,0.04002550940085582,Depleted,VPR
Region_225,0.5456460317481088,0.0037685140936904184,0.6104752632429337,NoChange,VPR
Region_227,0.09578109888859974,-0.0118069587808183,0.14148057744329112,NoChange,VPR
Region_228,0.019199163953294348,-0.013977237317803754,0.03909539403731068,Depleted,VPR
Region_229,1.1738194507175721e-7,-0.022703042315264106,4.4213865977028545e-6,Depleted,VPR
Region_230,1.0216167040220912e-4,-0.03553567135266974,7.271980318393468e-4,Depleted,VPR
Region_231,0.19968212511421726,-0.005895281737386603,0.2631530087733342,NoChange,VPR
Region_232,0.581870986168497,-0.0036351468262964186,0.6430456864258206,NoChange,VPR
Region_233,1.9824199637312722e-4,-0.013239212869225537,0.0012191208484442653,Depleted,VPR
Region_234,0.03341017094791475,-0.0150478541625046,0.06126327492274835,NoChange,VPR
Region_235,8.647865273314432e-5,0.025953546337599675,6.514953683842588e-4,Enriched,VPR
Region_236,0.07783627522375333,-0.028167262377284213,0.11946348523306115,NoChange,VPR
Region_237,0.3888300329998651,0.009908630737654781,0.4588803522609374,NoChange,VPR
Region_238,0.02728962048315675,0.020107898628100883,0.051936456666892006,NoChange,VPR
Region_239,9.843222167144978e-4,-0.02403165055572994,0.004008231008603181,Depleted,VPR
Region_240,0.6521774074432263,0.002954816511998533,0.7052253305366945,NoChange,VPR
Region_241,0.012502244084030207,-0.025882319478789887,0.028293566819266244,Depleted,VPR
Region_242,0.6486288989559957,-0.006812178934748803,0.7030701734487051,NoChange,VPR
Region_244,0.24750070419614126,-0.009218143645742095,0.3140157855562206,NoChange,VPR
Region_245,0.253511810540782,0.01050123050041775,0.32052402339701663,NoChange,VPR
Region_246,5.449041289503816e-4,0.024966952518326778,0.0025925964872165527,Enriched,VPR
Region_247,0.045744169596332714,-0.015525235487504478,0.07686380913584531,NoChange,VPR
Region_248,0.16284310617885672,0.00923271735006062,0.22304570906922191,NoChange,VPR
Region_249,6.553179158425852e-4,-0.02277063331135313,0.0029473004772223735,Depleted,VPR
Region_250,5.612810685492993e-4,-0.03288957780219823,0.002615454051384364,Depleted,VPR
Region_251,0.4362751993826577,-0.007701903307789532,0.503824694182044,NoChange,VPR
Region_252,0.5283387789700513,0.003942173864290436,0.5940525574489134,NoChange,VPR
Region_253,1.5990191039347683e-4,0.01606626224031957,0.001025186716281582,Enriched,VPR
Region_254,0.004682211356993176,-0.01929424666525308,0.012983800818165126,Depleted,VPR
Region_255,0.018335064694233464,-0.05403328364594384,0.03807095477272954,Depleted,VPR
Region_256,1.2615639235694973e-6,-0.014558647768232444,3.08230753218061e-5,Depleted,VPR
Region_257,0.07780930739793646,0.008522292155483106,0.11946348523306115,NoChange,VPR
Region_258,0.5010574126500267,-0.007308258678675276,0.566903505676626,NoChange,VPR
Region_259,0.0016235323959902222,0.02309750192439453,0.005847303928187892,Enriched,VPR
Region_260,0.0060558093720713265,-0.05265206079899631,0.015708202012972964,Depleted,VPR
Region_262,0.023725114381111963,-0.017168618038121815,0.046423167533604356,Depleted,VPR
Region_263,0.28647961349814793,-0.006090739319819653,0.3528304776598443,NoChange,VPR
Region_264,0.09310813466227885,0.011825046710647824,0.13866516266013193,NoChange,VPR
Region_265,0.200912654772163,-0.006229118898177046,0.26437414834648526,NoChange,VPR
Region_266,0.025783601509421862,-0.020573991077279932,0.04969802934865109,Depleted,VPR
Region_267,0.012583673099021324,-0.026832421695523374,0.028297613138097703,Depleted,VPR
Region_268,0.00405453297019543,0.02506935870893634,0.011785523488928194,Enriched,VPR
Region_270,0.018361655177997874,-0.017906608500380675,0.03807095477272954,Depleted,VPR
Region_271,1.4653659746786452e-4,-0.04996671707656869,9.462077436496395e-4,Depleted,VPR
Region_272,0.006680427916940971,-0.04959640985064811,0.01682202461536111,Depleted,VPR
Region_273,0.062402166151119834,-0.010483686465269254,0.09879432259301635,NoChange,VPR
Region_274,0.0426598161664735,-0.042701141252654194,0.07303877616381069,NoChange,VPR
Region_275,0.1015124351563285,-0.016182032198826052,0.14897279445019637,NoChange,VPR
Region_276,0.004410954683204695,-0.02128414679642673,0.0125000095097713,Depleted,VPR
Region_277,0.009358558267915748,-0.01400071122605942,0.02236437348056162,Depleted,VPR
Region_278,0.7750129166097233,0.0012429136116767546,0.8127745668389673,NoChange,VPR
Region_279,0.13114402273194806,-0.024133203165283282,0.18524093210887665,NoChange,VPR
Region_280,0.004928716967038429,-0.021589649353114963,0.013460906761941812,Depleted,VPR
Region_281,0.04445049714166278,0.012329048172219772,0.07496874891056558,NoChange,VPR
Region_282,0.006269290057509996,-0.014333293464113512,0.01610067673860522,Depleted,VPR
Region_283,1.066721556778543e-4,0.02190616908790332,7.53372099474846e-4,Enriched,VPR
Region_284,0.24766952997962977,-0.007818308825399288,0.3140157855562206,NoChange,VPR
Region_285,0.04280066474235966,-0.009782679313582612,0.07314140061832351,NoChange,VPR
Region_286,8.211915104066056e-4,0.023749035866950916,0.0035016845538092998,Enriched,VPR
Region_287,0.061084625480349604,-0.015131105550781686,0.09721919266590853,NoChange,VPR
Region_288,0.025670601180255995,0.020293140488158716,0.04958594757895603,Enriched,VPR
Region_289,1.1694016578687704e-4,0.024424998293616332,8.008629535707337e-4,Enriched,VPR
Region_290,0.03677628310803421,-0.01352986244004756,0.06583318797953056,NoChange,VPR
Region_291,0.069532363283727,0.01376308691250087,0.10874957856140001,NoChange,VPR
Region_292,1.72037498960602e-5,-0.017683419999919986,2.0736253208051227e-4,Depleted,VPR
Region_294,2.2008416911322404e-7,0.02596712518880685,7.652157264552096e-6,Enriched,VPR
Region_295,0.07044610980416748,-0.013848351204093447,0.10979876424649551,NoChange,VPR
Region_296,0.1611187827068956,0.010215671545366654,0.22101878538244862,NoChange,VPR
Region_297,0.0037104989654935107,-0.019712062514188295,0.011143824135568551,Depleted,VPR
Region_298,1.900256177177597e-4,0.04560233811018889,0.0011765969754579093,Enriched,VPR
Region_299,0.08410002465631074,-0.00927908101227084,0.1264998706976787,NoChange,VPR
Region_300,2.8306858523918424e-4,-0.02522405999381227,0.0016195822851659655,Depleted,VPR
Region_301,9.216093547914282e-5,0.04652461708837092,6.773454119767896e-4,Enriched,VPR
Region_302,5.143157052215419e-4,-0.02317480684792834,0.0024600073942871634,Depleted,VPR
Region_303,0.06905320666714487,0.013334330011274705,0.10818734632079544,NoChange,VPR
Region_304,0.002619092439267621,0.022452969299063832,0.008560428569861655,Enriched,VPR
Region_305,0.9126674262506782,-5.877115506393721e-4,0.9280667641514208,NoChange,VPR
Region_306,4.4812414324625784e-4,-0.021784823612880755,0.0022505790305256505,Depleted,VPR
Region_307,0.35689733052435335,0.00607958124927271,0.4284663835245889,NoChange,VPR
Region_308,0.0025189608557501025,-0.011706516079389901,0.00837184049116946,Depleted,VPR
Region_309,0.030334088367051017,-0.015239654715151645,0.05654023893569922,NoChange,VPR
Region_311,0.013184063766363864,-0.019794850657080157,0.029355649371411163,Depleted,VPR
Region_312,1.278964465343467e-4,-0.0423165509015307,8.501352034341869e-4,Depleted,VPR
Region_313,0.6681281564476002,-0.003382427081854745,0.7203822756511673,NoChange,VPR
Region_314,0.3636256483774276,0.010148219358615264,0.4353875313022445,NoChange,VPR
Region_315,0.03722424821848244,-0.010520789096653905,0.06650339997926508,NoChange,VPR
Region_316,0.43071358104025753,-0.01334274345259996,0.49918599648768314,NoChange,VPR
Region_317,1.2441997421366692e-4,-0.022408660651174438,8.331530125122585e-4,Depleted,VPR
Region_318,0.003933141347230701,-0.03586670637520816,0.011544025252910888,Depleted,VPR
Region_319,0.9584023204709258,-4.0034325246780664e-4,0.9691227043688108,NoChange,VPR
Region_320,0.16019147377478482,0.014089127350521244,0.22027177614373383,NoChange,VPR
Region_321,0.2906597100975309,0.004167493147797686,0.35700594827196724,NoChange,VPR
Region_322,0.037486966419432353,-0.025519831998200324,0.06677372297562534,NoChange,VPR
Region_323,9.979784035867754e-5,-0.021740550059683613,7.160099022559087e-4,Depleted,VPR
Region_324,0.7673778448100418,0.001976861030032046,0.8092071615759302,NoChange,VPR
Region_325,0.003513219298985088,-0.029821860980765114,0.010657551162021878,Depleted,VPR
Region_326,0.02757416021991389,-0.020578923867482047,0.052356806052662054,NoChange,VPR
Region_327,5.132882878120465e-4,-0.01230188250306496,0.0024600073942871634,Depleted,VPR
Region_328,2.0025085796299643e-4,0.021794344870000287,0.001221848967324285,Enriched,VPR
Region_329,0.05661248493620957,0.01681156535083751,0.0910634989009492,NoChange,VPR
Region_330,0.39856927090823213,0.004192688607610225,0.467323762517564,NoChange,VPR
Region_331,0.07112380537902509,-0.013008055831907627,0.11066423418698569,NoChange,VPR
Region_332,0.006438840888681294,-0.0168891309211818,0.016354279963640396,Depleted,VPR
Region_333,0.040367489818291455,-0.02031771530429201,0.06990844980025952,NoChange,VPR
Region_334,9.84786070972528e-5,0.020321152797597577,7.121972865273323e-4,Enriched,VPR
Region_335,0.0024573510274913035,-0.01670327255098347,0.008197215235616747,Depleted,VPR
Region_336,8.242260239391665e-5,-0.02061324131064523,6.479133266443536e-4,Depleted,VPR
Region_337,0.07536536305161315,0.016716179146450558,0.11666145239496281,NoChange,VPR
Region_338,0.103220348777087,-0.012429937064664968,0.1509389109549228,NoChange,VPR
Region_339,0.182605347211494,0.0042031363183645904,0.24528266549656844,NoChange,VPR
Region_340,0.002547975823563269,-0.02941248922620544,0.008437253276561153,Depleted,VPR
Region_341,0.047663317923677416,-0.028915684083919462,0.07891509048169301,NoChange,VPR
Region_342,0.05185337978926399,-0.014681860690538718,0.0846127352517954,NoChange,VPR
Region_344,0.09431020836921894,0.012263492451006823,0.1400962377558764,NoChange,VPR
Region_345,0.41927743901463754,-0.00625366798554574,0.4878079856746877,NoChange,VPR
Region_346,0.12456045837789706,-0.02175499517608197,0.17732701476160465,NoChange,VPR
Region_347,0.005203581207069889,0.016313384415034226,0.01404190271997367,Enriched,VPR
Region_348,7.701779686847837e-6,0.03662453116757323,1.12296916724362e-4,Enriched,VPR
Region_349,0.019381964493792887,-0.017050214830378416,0.03937369865705342,Depleted,VPR
Region_350,0.039259000872173,-0.009968316319503229,0.06865551313142618,NoChange,VPR
Region_351,3.133582813481482e-4,0.0319536194219995,0.00172729198987028,Enriched,VPR
Region_352,0.07764560498779206,-0.06117661261034149,0.11946348523306115,NoChange,VPR
Region_353,0.3381762151142064,0.009434952454765312,0.40870494446957567,NoChange,VPR
Region_354,0.25672201950277374,-0.013367535543187342,0.3232266095132416,NoChange,VPR
Region_355,0.009371115485394944,-0.028003154509775283,0.02236437348056162,Depleted,VPR
Region_356,0.016525458966254205,-0.024676052077939617,0.03522383311439929,Depleted,VPR
Region_358,0.6576984998165112,-0.004105842946709504,0.7103458110324087,NoChange,VPR
Region_359,0.19404961656967037,-0.0075680115148133486,0.25759302992508376,NoChange,VPR
Region_360,8.474052241460998e-5,-0.02098424386420853,6.514953683842588e-4,Depleted,VPR
Region_361,0.1335243335756046,-0.017171441076961065,0.1880155725114432,NoChange,VPR
Region_362,9.024520421618238e-4,-0.03941859328615316,0.003740164320796386,Depleted,VPR
Region_363,0.8090069471524496,-0.0017193517690768723,0.8406233106043843,NoChange,VPR
Region_364,2.451299221241643e-4,-0.012551900194131245,0.0014204964717964394,Depleted,VPR
Region_365,0.27884391526011015,-0.009683105516883166,0.3453080813632049,NoChange,VPR
Region_366,0.026869055284072026,-0.015903196464284626,0.05124393665991796,NoChange,VPR
Region_367,0.0375971515426917,-0.009561697542006694,0.06677372297562534,NoChange,VPR
Region_368,0.9956705328881066,-4.211217555819408e-5,0.9978782280829804,NoChange,VPR
Region_369,3.431200611560325e-5,-0.018461825820799357,3.4085773108247626e-4,Depleted,VPR
Region_370,0.41416499682950875,0.006727831586396837,0.4837275931962221,NoChange,VPR
Region_371,0.2848593973595639,0.009432377964854872,0.3513136360341689,NoChange,VPR
Region_372,0.008891907373041172,-0.017816259126385094,0.02160829103556242,Depleted,VPR
Region_373,0.16033056272408944,-0.010481285421499887,0.22027177614373383,NoChange,VPR
Region_374,0.044029306844678096,-0.015283806478005967,0.07453650447114045,NoChange,VPR
Region_375,1.6704127895127442e-4,-0.03475822825519007,0.0010559812319716928,Depleted,VPR
Region_376,0.01739436758227756,-0.032257782385466734,0.036315261649835825,Depleted,VPR
Region_377,0.04398389494290171,-0.012792556860156125,0.07453650447114045,NoChange,VPR
Region_378,6.604607293029993e-5,-0.031931873925037615,5.471518623006805e-4,Depleted,VPR
Region_379,0.001518299485831471,0.018460287469693182,0.005602215245680203,Enriched,VPR
Region_380,5.530474880349677e-5,0.02031395021865169,4.761475516034389e-4,Enriched,VPR
Region_381,0.10528878185691537,-0.013052678989045299,0.153270626084785,NoChange,VPR
Region_382,0.08084494026109963,-0.009853175440698825,0.1228299596572001,NoChange,VPR
Region_383,0.6159020319668566,-0.0032515396181434257,0.6718771280051479,NoChange,VPR
Region_384,5.893661740055404e-4,0.015615155919499569,0.0027045026461980128,Enriched,VPR
Region_385,0.047357530516493745,0.01824052625634476,0.07865252935912276,NoChange,VPR
Region_386,0.026145982753289877,0.0165687707507448,0.05018252316130371,NoChange,VPR
Region_387,0.03834515355902875,0.02139973047305751,0.0678356532629393,NoChange,VPR
Region_388,0.6485697247878083,0.0025350731250052714,0.7030701734487051,NoChange,VPR
Region_389,0.0023528280599331404,-0.025518494457772413,0.007906901733009513,Depleted,VPR
Region_390,0.5346172027854592,0.007023757435626586,0.5996202869951056,NoChange,VPR
Region_391,0.00932472303147163,-0.027220322670868703,0.02236437348056162,Depleted,VPR
Region_392,0.0048621883680362915,-0.025417451820895783,0.013359933996063245,Depleted,VPR
Region_393,0.0850198577493384,-0.01694840045389764,0.12761908172320674,NoChange,VPR
Region_394,0.3713941278508428,-0.006062657829450523,0.44234557520047685,NoChange,VPR
Region_395,0.7404009875692108,-0.0033193359542450962,0.7846688074590463,NoChange,VPR
Region_396,8.701787106164176e-7,0.03532850754007465,2.3136516305801223e-5,Enriched,VPR
Region_397,0.012082974408786442,-0.036798209326495836,0.027728318117779472,Depleted,VPR
Region_398,0.6000566409616934,-0.0036462483114202133,0.6607201016192094,NoChange,VPR
Region_399,0.05661205355570395,-0.023804159435747506,0.0910634989009492,NoChange,VPR
Region_400,2.1999113499358743e-6,0.02078602656520258,4.850536244736659e-5,Enriched,VPR
Region_401,0.04989517845529649,0.02739940227984663,0.08230883453209495,NoChange,VPR
Region_402,1.12696968601424e-7,0.025710004375569695,4.4213865977028545e-6,Enriched,VPR
Region_403,8.780827232428889e-4,0.02309901427800567,0.0036920315433096353,Enriched,VPR
Region_404,4.947499043306768e-7,0.03554222828017403,1.490846378383106e-5,Enriched,VPR
Region_405,0.005376515114279672,-0.02091396692263909,0.014316778956664259,Depleted,VPR
Region_406,1.73388850915693e-7,0.034588820354982563,6.269740849111458e-6,Enriched,VPR
Region_407,0.018329460189328597,0.008761272984661636,0.03807095477272954,Enriched,VPR
Region_408,0.7230639211033023,-0.002376060177059741,0.7689997466792767,NoChange,VPR
Region_409,0.49209439133202754,0.004200822744593426,0.558159761310104,NoChange,VPR
Region_410,0.016719313609796036,-0.010690302772899023,0.03531369042816733,Depleted,VPR
Region_411,0.9108225299585413,4.435883812619602e-4,0.927233746714551,NoChange,VPR
Region_412,0.29841490079919414,-0.014681568294444561,0.3645500950303669,NoChange,VPR
Region_413,0.057134292179751245,-0.01193760475421076,0.09173960946801976,NoChange,VPR
Region_414,0.0042750886411343425,-0.0251231659027952,0.012191419973455665,Depleted,VPR
Region_415,0.024365967082335484,0.010605449583259766,0.04744465222031578,Enriched,VPR
Region_416,0.00362685848797803,0.04065837094864333,0.010965485194421871,Enriched,VPR
Region_417,0.006410783740566084,-0.017634581516052957,0.016354279963640396,Depleted,VPR
Region_418,0.13437098180035525,-0.009984914245435138,0.18891347985617596,NoChange,VPR
Region_419,0.2657695674879921,0.008695731610980377,0.3323038575506844,NoChange,VPR
Region_420,0.03181620734913328,-0.026374623935917062,0.05893822017134525,NoChange,VPR
Region_421,1.8482485886343276e-5,-0.0193544283916912,2.1984430580597792e-4,Depleted,VPR
Region_422,0.2835876088071055,-0.02334863208358066,0.3502229485814527,NoChange,VPR
Region_423,0.027626323547698894,0.017515087935766605,0.052356806052662054,NoChange,VPR
Region_424,0.03876137815471724,-0.009775915595144055,0.06830465078336137,NoChange,VPR
Region_425,0.5767284204143545,0.002336490008986982,0.6381425851341205,NoChange,VPR
Region_426,0.035773809231739215,-0.011622623441747216,0.06457108583614035,NoChange,VPR
Region_427,0.7689258316302258,-0.0018867569927503885,0.8092071615759302,NoChange,VPR
Region_428,0.9717846167514482,-3.674843368391174e-4,0.9793098964182081,NoChange,VPR
Region_429,0.2446664358151852,-0.005294689804191412,0.31195833283064517,NoChange,VPR
Region_430,4.30951119874023e-4,-0.031665028196556776,0.002201015889074106,Depleted,VPR
Region_431,0.18566435644028859,-0.010908756567386844,0.2475524752537181,NoChange,VPR
Region_432,0.010101171350512353,-0.0239511807552469,0.023904342672416666,Depleted,VPR
Region_433,0.21179225334737298,-0.012480165829399705,0.2758792464351948,NoChange,VPR
Region_434,3.267347176860998e-5,0.030763692654111503,3.281868719869269e-4,Enriched,VPR
Region_435,7.5246501237898e-8,0.036693832827906996,3.4011418559529902e-6,Enriched,VPR
Region_436,0.051300013074379536,-0.03433642200716104,0.08431856694407108,NoChange,VPR
Region_437,0.042333751781147316,-0.009043364208908774,0.07275610572273228,NoChange,VPR
Region_438,0.010776590695169052,-0.02247084432632973,0.025173224776312203,Depleted,VPR
Region_439,0.02789127339890072,-0.012153509383685736,0.05252856490126302,NoChange,VPR
Region_440,0.09544724259645472,0.017655171886337983,0.14121817889884625,NoChange,VPR
Region_441,0.005238687654416367,-0.02181996341965785,0.014094564403548799,Depleted,VPR
Region_442,4.6679981650580465e-4,0.024435993724481218,0.002295492184898165,Enriched,VPR
Region_443,0.5643197985856054,0.0032971133323699445,0.6259449054250151,NoChange,VPR
Region_444,0.08252872378918673,0.011122993236197852,0.12496811776453066,NoChange,VPR
Region_445,3.5130164755047113e-4,-0.01843383049608208,0.0018791520081989698,Depleted,VPR
Region_446,3.53397608588969e-6,-0.03966889093176793,6.797264641796339e-5,Depleted,VPR
Region_447,0.019974989500250076,0.016117570675369102,0.04021690536353245,Enriched,VPR
Region_448,0.3675836327448029,-0.005164256297851281,0.438963809777149,NoChange,VPR
Region_449,0.05742695865396245,0.010991242867132324,0.09188313384633992,NoChange,VPR
Region_450,0.7009923038762131,-0.0013182696912411385,0.7499373286439014,NoChange,VPR
Region_451,0.0011810270557612189,0.020544098997076415,0.0046218547983036444,Enriched,VPR
Region_452,0.32742819036273024,-0.00550393257862792,0.39677625212856316,NoChange,VPR
Region_453,0.0010551964898720925,-0.020846028837795853,0.004239545008197208,Depleted,VPR
Region_454,0.031764417304098534,-0.02112906060340302,0.05893822017134525,NoChange,VPR
Region_455,0.3242571208900313,-0.02237067807503165,0.3939898350599305,NoChange,VPR
Region_456,0.0027582628736059407,-0.0365914736685071,0.008718425306782414,Depleted,VPR
Region_457,0.0026230516746146883,0.015833555932330552,0.008560428569861655,Enriched,VPR
Region_458,4.471643738387026e-5,-0.037611190407416964,4.1673875664967753e-4,Depleted,VPR
Region_459,0.01722163050062398,-0.03127737868898559,0.03603785641797241,Depleted,VPR
Region_461,9.932260573309562e-4,-0.014433672140794364,0.004026351371422352,Depleted,VPR
Region_462,4.805817674370488e-5,-0.013109455035446112,4.2788884919710653e-4,Depleted,VPR
Region_463,6.315061186480179e-4,-0.07682229869710139,0.0028587938833573028,Depleted,VPR
Region_464,0.032834712630646384,-0.02827573289610279,0.060330447597773035,NoChange,VPR
Region_465,0.9798782200429068,2.490922707054091e-4,0.9842332343542086,NoChange,VPR
Region_466,0.6216937366052935,-0.005029488961009254,0.6763070251398139,NoChange,VPR
Region_467,0.26252413030723504,0.00742960246429756,0.3296136302746395,NoChange,VPR
Region_468,0.00850304260650131,-0.017577508865446557,0.0209448242950332,Depleted,VPR
Region_469,0.00492783555565717,-0.022781030038286985,0.013460906761941812,Depleted,VPR
Region_470,0.8145833422224056,0.001283257295732202,0.8444763089094663,NoChange,VPR
Region_471,7.401049684326644e-4,-0.02530659775652482,0.0032636823973811154,Depleted,VPR
Region_472,6.123399060771878e-9,-0.027125311422299375,4.32208332384854e-7,Depleted,VPR
Region_473,0.0020080093914376053,0.02603348653110552,0.006928398816257997,Enriched,VPR
Region_474,0.6385516617015163,-0.0033832392261333773,0.6938109401179937,NoChange,VPR
Region_475,0.0020643708925261765,-0.024570638104541097,0.007068906389559332,Depleted,VPR
Region_476,0.15920198675768948,-0.006760627362503609,0.21972304737244472,NoChange,VPR
Region_477,7.196205965540118e-6,-0.02053850197632457,1.0664541299751258e-4,Depleted,VPR
Region_478,0.014054530396453425,-0.014461559483612156,0.0307634273084598,Depleted,VPR
Region_479,0.11375366489609505,-0.009576056762711695,0.1650614976983466,NoChange,VPR
Region_480,0.10335308172687743,0.012418172666053122,0.1509389109549228,NoChange,VPR
Region_481,4.116127746180089e-4,-0.01831499477062125,0.002150855192223584,Depleted,VPR
Region_482,7.811093551273077e-4,-0.028557804197227143,0.003362489795405172,Depleted,VPR
Region_483,0.03561587682888368,-0.02204485265575073,0.06457108583614035,NoChange,VPR
Region_484,4.1733400718602624e-4,-0.01552050528686415,0.002163409813550647,Depleted,VPR
Region_485,0.01039252523506462,-0.02921828303606034,0.02440218912337251,Depleted,VPR
Region_486,0.003933002223046173,-0.013629444931495637,0.011544025252910888,Depleted,VPR
Region_487,1.6065251730469768e-5,-0.024688164884920944,2.0195396699550005e-4,Depleted,VPR
Region_488,0.00928827094771363,0.018087516192885875,0.02236437348056162,Enriched,VPR
Region_489,3.118405971314363e-5,-0.023656125566738975,3.167459548391218e-4,Depleted,VPR
Region_490,8.709345915723053e-14,-0.02951070190157756,1.5746497415627282e-11,Depleted,VPR
Region_491,0.04877201418253635,-0.00962213665846723,0.08060310936199791,NoChange,VPR
Region_492,0.0032386355361602136,-0.011981727613807232,0.009924496693860451,Depleted,VPR
Region_493,8.648132498076754e-5,-0.013104060746793624,6.514953683842588e-4,Depleted,VPR
Region_494,8.19247832624048e-39,-0.03544371964002422,7.406000406921394e-36,Depleted,VPR
Region_495,3.5018763934078718e-9,-0.02888404825857187,2.877905690582469e-7,Depleted,VPR
Region_496,0.039340216595219864,-0.008264794508025357,0.06865551313142618,NoChange,VPR
Region_497,0.07578337858645469,-0.007759228436659545,0.11710799015752998,NoChange,VPR
Region_498,2.151131751383065e-5,-0.032177401609649395,2.4007692632719638e-4,Depleted,VPR
Region_499,7.963750941650998e-6,-0.03863165642024307,1.1427350557543655e-4,Depleted,VPR
Region_500,9.090731386292865e-4,0.022555969543537373,0.003740164320796386,Enriched,VPR
Region_501,0.49133929307046,-0.0029502678239172074,0.5580034182609244,NoChange,VPR
Region_502,0.21766292298412376,0.013068003976000721,0.28149825805099843,NoChange,VPR
Region_503,0.29738379807291426,-0.005379631762749914,0.36378207504453924,NoChange,VPR
Region_504,9.150614631222313e-5,-0.021710332894396295,6.773454119767896e-4,Depleted,VPR
Region_505,0.4801284425405273,-0.008170919081365496,0.5480253940109049,NoChange,VPR
Region_506,6.022055246855521e-4,-0.012968761366249226,0.0027494636076552483,Depleted,VPR
Region_507,0.012038805041343633,-0.030456686205663285,0.027728318117779472,Depleted,VPR
Region_508,0.06360883943415338,-0.012233990707262261,0.10035321265004303,NoChange,VPR
Region_509,2.250100487762712e-4,-0.05038855226717667,0.0013294711378676416,Depleted,VPR
Region_511,0.0038747269548893588,-0.009836073555734683,0.0115222143658552,Depleted,VPR
Region_512,6.809196901051892e-8,-0.021313326042202513,3.2397442097636373e-6,Depleted,VPR
Region_513,2.4757078102113314e-6,0.025729987300373496,5.15751593354654e-5,Enriched,VPR
Region_514,5.701234215416216e-7,-0.0424035492299922,1.6625534615278253e-5,Depleted,VPR
Region_515,0.9470630918213637,8.292166819563459e-4,0.9598038509041624,NoChange,VPR
Region_516,0.09666659039780043,-0.00906656495268388,0.14255562433868121,NoChange,VPR
Region_517,0.09132791412870958,0.017447988575122555,0.13623834054843806,NoChange,VPR
Region_518,0.013335810020285452,-0.02375456566190995,0.02953881133409665,Depleted,VPR
Region_519,0.04694212650636124,-0.021126212462685916,0.07829461690359882,NoChange,VPR
Region_520,8.571343649695906e-8,-0.019384209458348928,3.689759361583381e-6,Depleted,VPR
Region_521,0.7724092287502904,0.0022739677109537377,0.8119278404537936,NoChange,VPR
Region_522,0.16978919621493882,-0.006300030624857149,0.23028747012726894,NoChange,VPR
Region_523,0.05508867960101498,0.023873884156171612,0.08924760996293467,NoChange,VPR
Region_524,1.5194415841043232e-5,-0.03225753622903351,1.9622502743290118e-4,Depleted,VPR
Region_525,2.9827864184997604e-8,-0.027578430823504557,1.5861405425434022e-6,Depleted,VPR
Region_526,0.7272626438866173,-0.003815872726355981,0.7725563220605194,NoChange,VPR
Region_527,0.012085129799120698,-0.015078138057102342,0.027728318117779472,Depleted,VPR
Region_528,7.587151679543393e-4,0.026396289491369705,0.0033134227624672594,Enriched,VPR
Region_529,0.19722589215528716,-0.011468585933805522,0.26104276209133176,NoChange,VPR
Region_530,1.9229784619893827e-17,-0.014587485669303199,5.794575098794673e-15,Depleted,VPR
Region_531,1.6308229635698566e-5,-0.018312496335949023,2.0195396699550005e-4,Depleted,VPR
Region_532,0.002924522368342222,-0.02349169599199404,0.009116442141315064,Depleted,VPR
Region_533,0.025921745528802775,-0.009590321816366655,0.049857995655399376,Depleted,VPR
Region_534,0.3578046849341752,-0.005617810265224076,0.42898598830304296,NoChange,VPR
Region_535,0.021008149337102128,-0.007930459792357689,0.04180311755597716,Depleted,VPR
Region_536,0.04609340912471197,-0.030282590822253434,0.07730694220545384,NoChange,VPR
Region_537,1.3318449719261983e-14,-0.019633434444163458,3.0099696365532083e-12,Depleted,VPR
Region_538,0.0017538470503559618,-0.022094400803410606,0.0061452625330301915,Depleted,VPR
Region_539,0.01848305064576594,-0.010183518942319218,0.03815080471405611,Depleted,VPR
Region_540,0.11492143668177357,0.012021566620219741,0.16622236601651727,NoChange,VPR
Region_541,0.0036975481635688544,-0.029431235401515835,0.01114194513288748,Depleted,VPR
Region_542,5.546741324414407e-4,-0.019991689353249808,0.0026115907069117835,Depleted,VPR
Region_543,0.12146249690281011,-0.020467762752437266,0.174566132273673,NoChange,VPR
Region_544,0.06475058462106664,0.014605165063861569,0.10179917999555521,NoChange,VPR
Region_546,0.333632249269569,0.00941053033561651,0.4037530834534008,NoChange,VPR
Region_547,8.581995054572676e-4,-0.018285538229078226,0.0036423115161191076,Depleted,VPR
Region_548,0.05583447917219361,-0.011999997662396823,0.0902940414519911,NoChange,VPR
Region_549,0.6176810165273592,-0.0073341325830984195,0.6727513722177503,NoChange,VPR
Region_550,0.8026109730889746,-0.001414141046128551,0.8349370767231681,NoChange,VPR
Region_551,0.4958265693544312,0.003426377835277486,0.5616882439804584,NoChange,VPR
Region_552,0.15242793399792878,-0.007794525659331574,0.2119920805140425,NoChange,VPR
Region_553,0.0010754151177443643,-0.01294632104803023,0.004284150486891664,Depleted,VPR
Region_554,0.4727558577460607,-0.005190604167754001,0.5402924088526407,NoChange,VPR
Region_555,0.022101326981332457,-0.018713381072734375,0.04337407853359031,Depleted,VPR
Region_556,0.019067703604191966,-0.025746590429580166,0.03899819922667316,Depleted,VPR
Region_557,2.1453904070958873e-9,-0.029115010086233534,1.9394329280146822e-7,Depleted,VPR
Region_558,0.7168950994325209,-0.0028793069811706338,0.764237228640329,NoChange,VPR
Region_559,0.003236536069576156,-0.017189799584950875,0.009924496693860451,Depleted,VPR
Region_560,0.5160070509922701,-0.0034226607571398167,0.5816338829139802,NoChange,VPR
Region_561,6.2153853108441394e-9,-0.019730977549214036,4.32208332384854e-7,Depleted,VPR
Region_562,3.2421721935127074e-12,-0.01961593680806986,4.884872771559145e-10,Depleted,VPR
Region_563,5.667070754289546e-6,-0.04573109036229598,8.967769806708892e-5,Depleted,VPR
Region_564,2.1068214307241224e-10,-0.021394277562274626,2.720809390535152e-8,Depleted,VPR
Region_565,8.898986380436293e-4,-0.01759516737479291,0.0037072275059513403,Depleted,VPR
Region_566,0.002706848328486505,-0.01132512656163338,0.00867727265585745,Depleted,VPR
Region_567,0.08512644499899741,-0.009700021386596152,0.12761908172320674,NoChange,VPR
Region_568,0.026576870432638074,-0.015586273230419506,0.05079384962178609,NoChange,VPR
Region_569,0.43592789232190987,0.0060334429055514055,0.503824694182044,NoChange,VPR
Region_570,0.21612520419647452,0.008697590435167109,0.27991000658110743,NoChange,VPR
Region_571,0.015572659308161922,-0.014295791427691128,0.03359829120424434,Depleted,VPR
Region_572,0.8661348081852538,0.002255622152392171,0.8938194824194857,NoChange,VPR
Region_573,0.39040387649988567,0.006259275034742342,0.46013703305853537,NoChange,VPR
Region_574,0.7162113309906145,-0.00365925536652211,0.764237228640329,NoChange,VPR
Region_575,0.34635148407093963,-0.0037933473182851984,0.4174689888001726,NoChange,VPR
Region_576,0.01848457131057143,-0.0828723814498404,0.03815080471405611,Depleted,VPR
Region_577,5.753657619348625e-6,-0.028800129670199022,8.967769806708892e-5,Depleted,VPR
Region_578,2.4110343809903068e-5,-0.040067350633173314,2.6580183907502894e-4,Depleted,VPR
Region_579,8.197225742481804e-4,-0.0288934783461045,0.0035016845538092998,Depleted,VPR
Region_580,0.26523630255882014,-0.006240245533176574,0.3320964231484396,NoChange,VPR
Region_581,0.08333034631081107,-0.01443667094980949,0.12576065620195861,NoChange,VPR
Region_582,2.807058039856732e-5,-0.022861428781990913,2.916759158655731e-4,Depleted,VPR
Region_583,0.7884276949007705,-0.00211623105596855,0.8239753019541,NoChange,VPR
Region_584,0.04652249676357473,-0.017252961763486237,0.07773835952596937,NoChange,VPR
Region_585,0.042304632550732614,0.014183643547651443,0.07275610572273228,NoChange,VPR
Region_586,0.007319023152673385,0.04695421000273025,0.0182773395856816,Enriched,VPR
Region_587,0.013273005790732408,0.01840299006624883,0.02948107428703218,Enriched,VPR
Region_588,0.002726011453956615,0.02263247845051046,0.00870782457376954,Enriched,VPR
Region_589,3.906174675999851e-7,0.0300018677291816,1.2176489334840916e-5,Enriched,VPR
Region_590,0.0015659713718212478,-0.030746821727647432,0.005708218226316161,Depleted,VPR
Region_591,2.9317426853495046e-4,0.02544581979806215,0.0016359848071333038,Enriched,VPR
Region_592,0.06999117129123328,0.006939321856562375,0.10927809818182191,NoChange,VPR
Region_593,0.09033474239805216,-0.007642020674875823,0.1349795159137837,NoChange,VPR
Region_596,0.012569319993312204,-0.016309089159283592,0.028297613138097703,Depleted,VPR
Region_597,0.2596282068328375,0.006732463559779241,0.3264310138760571,NoChange,VPR
Region_598,0.1640925265859578,-0.009478408015023412,0.22407801213550732,NoChange,VPR
Region_599,0.46533723274394007,0.008006008594180672,0.5331620512047172,NoChange,VPR
Region_600,0.12501820362024132,-0.03368072067039675,0.1776988303029845,NoChange,VPR
Region_601,0.04435172575127402,-0.013671980017434927,0.07494198145635834,NoChange,VPR
Region_602,0.1197162883862636,-0.036202028009672725,0.17233045334583166,NoChange,VPR
Region_603,2.5758981336719866e-5,-0.03063785404944378,2.7076882707435763e-4,Depleted,VPR
Region_604,0.2661669274743714,-0.005885796666619406,0.33234102546523714,NoChange,VPR
Region_605,4.8007822667013065e-6,0.023088073986102034,8.50962190019212e-5,Enriched,VPR
Region_606,0.0012077732301823071,-0.058885725520356244,0.004685952790063543,Depleted,VPR
Region_607,0.05821561196394064,-0.017062518863182573,0.0929804120413469,NoChange,VPR
Region_608,0.9491438477943037,-5.885776443058374e-4,0.9608354293460812,NoChange,VPR
Region_609,0.002182409384478135,-0.0186763262219687,0.007389131399131962,Depleted,VPR
Region_610,5.1505059233056625e-6,-0.025576441267487964,8.785013876732678e-5,Depleted,VPR
Region_612,0.42605415201894337,0.004122000357122846,0.4944197091465017,NoChange,VPR
Region_613,6.119753999352383e-6,0.031127694179414075,9.376707822736533e-5,Enriched,VPR
Region_614,0.005687241111602321,-0.022621904084952512,0.014902220188082602,Depleted,VPR
Region_615,0.02650102035211691,0.015300858600063498,0.05075619152185103,NoChange,VPR
Region_620,0.012749020790181389,-0.011693470485839201,0.02859829973777661,Depleted,VPR
Region_621,0.015862884326401667,-0.023913798334213254,0.0341429700739693,Depleted,VPR
Region_622,0.024651244209566086,-0.047935255118822864,0.04782129777993077,Depleted,VPR
Region_623,8.873740795104063e-4,-0.023667586170056754,0.0037072275059513403,Depleted,VPR
Region_624,0.588541440437388,-0.0028988490559307273,0.6496232749150168,NoChange,VPR
Region_625,0.035785524340604336,-0.029962738476005238,0.06457108583614035,NoChange,VPR
Region_626,0.02144484601631724,-0.03176114303010563,0.04242043938457502,Depleted,VPR
Region_627,0.004104740783160482,-0.0291317161734057,0.011855225776284587,Depleted,VPR
Region_628,1.146534571137696e-6,-0.023473419983670394,2.8790757008568807e-5,Depleted,VPR
Region_629,0.035587596511394315,-0.015434502376789297,0.06457108583614035,NoChange,VPR
Region_630,0.0015601006344934092,-0.028545085813424614,0.005708218226316161,Depleted,VPR
Region_632,0.013703796394101377,-0.02248289912742991,0.030068524126863214,Depleted,VPR
Region_633,0.17207028117531764,-0.009470535262946968,0.23251350400969678,NoChange,VPR
Region_634,0.7205501309116364,0.0016487396782452048,0.7672288790861241,NoChange,VPR
Region_635,0.7684643529603117,0.0011863070985495489,0.8092071615759302,NoChange,VPR
Region_636,3.217651238317296e-6,0.027992063968978353,6.323384172693121e-5,Enriched,VPR
Region_637,0.04292101259468093,0.020316901262873846,0.07320867053885201,NoChange,VPR
Region_638,0.00937621410302307,0.022223477056899362,0.02236437348056162,Enriched,VPR
Region_639,0.032032453740766,0.019117623201456477,0.05921746049417682,NoChange,VPR
Region_640,7.732109549314501e-5,0.045225798120450515,6.131427221561674e-4,Enriched,VPR
Region_641,0.006197555928391967,0.02462445250851153,0.015961796465146262,Enriched,VPR
Region_642,0.0875556810869949,-0.021707469737550555,0.13104360215669436,NoChange,VPR
Region_644,0.8888218614175526,8.569793265052766e-4,0.9124887575930655,NoChange,VPR
Region_645,0.43638798179705807,0.004775501155174047,0.503824694182044,NoChange,VPR
Region_646,0.41730888701682917,0.006763061277465166,0.4867015476435639,NoChange,VPR
Region_647,0.03235813766124631,0.01191243865848304,0.05969746213421768,NoChange,VPR
Region_648,0.020845764052330226,-0.04202173546166686,0.041599493826283716,Depleted,VPR
Region_649,0.0026535736158399266,-0.026678965969174212,0.00859308208075677,Depleted,VPR
Region_650,0.028263784684510525,0.015441246581159685,0.05311946227608631,NoChange,VPR
Region_651,0.19926279489001303,-0.006207069819349907,0.2631530087733342,NoChange,VPR
Region_652,0.09478902388646855,-0.007700151390675633,0.14047422556289765,NoChange,VPR
Region_653,1.1402002594635393e-4,0.02664656235310605,7.880148289574565e-4,Enriched,VPR
Region_654,7.552108528249008e-4,-0.027750503733706428,0.0033134227624672594,Depleted,VPR
Region_655,0.5937975688135042,-0.00793500050248321,0.6546256124480584,NoChange,VPR
Region_656,0.010457561381351014,-0.025871693045046447,0.024491283649588903,Depleted,VPR
Region_657,0.8946885464706379,-8.236851066177785e-4,0.9159665300220348,NoChange,VPR
Region_658,0.002661574095809619,0.020924348706977295,0.00859308208075677,Enriched,VPR
Region_659,0.016559877293827102,-0.025540757583785836,0.03522383311439929,Depleted,VPR
Region_660,0.020444912954381538,-0.015271061659772748,0.040889825908763076,Depleted,VPR
Region_661,0.36592922270567363,-0.003429196080417256,0.437566160484033,NoChange,VPR
Region_662,0.0430978132961208,-0.020102811878078858,0.07337179514066516,NoChange,VPR
Region_663,0.001290005982744384,-0.014810138064302439,0.00487935317322562,Depleted,VPR
Region_664,0.0011444007926936543,-0.0304946767322236,0.00451763457028412,Depleted,VPR
Region_665,0.898949775795254,-0.0010147498382208403,0.9172128637910943,NoChange,VPR
Region_666,0.2070294211926603,-0.03244034087069401,0.2708460155689796,NoChange,VPR
Region_667,0.097912292870164,0.01087244882396311,0.1441575126296877,NoChange,VPR
Region_668,0.004002328572084406,-0.019245426582182364,0.0116713065456913,Depleted,VPR
Region_669,1.437330132245676e-8,-0.03512547857857733,8.662309597000607e-7,Depleted,VPR
Region_670,0.05435244514822353,0.008295501973915048,0.08821294508796063,NoChange,VPR
Region_671,3.206635300436831e-10,-0.01878831111282166,3.220887012883217e-8,Depleted,VPR
Region_672,0.8962560818496939,-0.0012448114524982962,0.9165333687693701,NoChange,VPR
Region_674,0.0136941330673718,-0.035557110640632904,0.030068524126863214,Depleted,VPR
Region_675,0.0025817139333217847,0.024522857014863442,0.008517771517236837,Enriched,VPR
Region_676,0.002609278262352816,-0.03633466035366852,0.008560428569861655,Depleted,VPR
Region_677,0.1377278956481749,-0.009597481070639034,0.1933323255682455,NoChange,VPR
Region_678,0.2097917257433605,-0.01178276304633741,0.2740631792947946,NoChange,VPR
Region_679,0.0526884101587498,-0.007363667935705762,0.0858204014117294,NoChange,VPR
Region_680,0.03928750480485215,-0.011535161917680607,0.06865551313142618,NoChange,VPR
Region_681,0.17763492352387436,0.008373067535149645,0.2393976493193716,NoChange,VPR
Region_682,0.11134087753009256,-0.014116046923963918,0.16182018213376795,NoChange,VPR
Region_683,0.008873420112809062,-0.017551494186044653,0.02160829103556242,Depleted,VPR
Region_684,0.01194333993293241,-0.0280418440947485,0.027613246289951144,Depleted,VPR
Region_685,0.18392552077763547,-0.011787054977325169,0.2466894225266802,NoChange,VPR
Region_686,0.978857611200787,-1.7326935856658293e-4,0.9842332343542086,NoChange,VPR
Region_687,0.0011944732845784966,-0.05957553816568499,0.004654326936461038,Depleted,VPR
Region_688,0.00124514520801042,-0.0337923741664984,0.004730479369745251,Depleted,VPR
Region_689,6.692832188096416e-4,0.031734596146541734,0.0029952080683362183,Enriched,VPR
Region_690,0.0943789920280185,-0.014907317782638409,0.1400962377558764,NoChange,VPR
Region_691,0.0012454138163709844,-0.02158169726201945,0.004730479369745251,Depleted,VPR
Region_692,8.016706009864066e-7,0.05030532985155666,2.1960915857324594e-5,Enriched,VPR
Region_693,0.03945846292154118,-0.018890649270812417,0.06872919167836847,NoChange,VPR
Region_694,0.008131150825164031,0.019343486686759597,0.020138521495748723,Enriched,VPR
Region_695,0.006614242288311425,0.025626646211221824,0.016701885554842255,Enriched,VPR
Region_696,0.16702433657135926,0.008768147994341646,0.22739457870558552,NoChange,VPR
Region_697,0.016191433024251117,-0.03546459405813569,0.034684965530623245,Depleted,VPR
Region_698,1.3330920536854223e-4,-0.020817585368441673,8.669893644112388e-4,Depleted,VPR
Region_699,0.00588817768414004,-0.017510672342736414,0.015339805839949846,Depleted,VPR
Region_700,9.48843280083515e-6,-0.02670230735717792,1.3196220387623039e-4,Depleted,VPR
Region_701,0.0020423858390632016,-0.010111019413337063,0.007020215963928267,Depleted,VPR
Region_702,0.045435218384763804,-0.008986871861099806,0.07648684808161356,NoChange,VPR
Region_703,0.17838829376554632,-0.02185880013098622,0.23997472851793733,NoChange,VPR
Region_704,0.34057266828561655,-0.008337575027823315,0.4110516583847762,NoChange,VPR
Region_705,0.0027427136043975666,0.032291533357457027,0.008718425306782414,Enriched,VPR
Region_706,0.17016817482855714,-0.027697358941244872,0.23028747012726894,NoChange,VPR
Region_707,0.0055408774146416704,-0.048485853469443056,0.014603362049084754,Depleted,VPR
Region_708,2.4161658968944414e-4,-0.03601398121869137,0.0014091703037371452,Depleted,VPR
Region_710,0.004960981532458564,-0.03613048658019616,0.013508214775128138,Depleted,VPR
Region_711,0.03437262831686993,-0.01596731254930635,0.06277344646151599,NoChange,VPR
Region_712,0.04254900785365741,-0.012891110521737059,0.07298729240930986,NoChange,VPR
Region_713,0.032829296650004315,-0.012686385565027066,0.060330447597773035,NoChange,VPR
Region_714,0.018807395438753455,-0.011522734770093917,0.03855302829168509,Depleted,VPR
Region_715,0.0829827054528756,0.011185259259502034,0.12544542764113636,NoChange,VPR
Region_716,0.002149931426931953,-0.009650010538712103,0.007306533871979268,Depleted,VPR
Region_717,0.051715450230640274,-0.01492915921633832,0.08454026583815337,NoChange,VPR
Region_718,0.03577852082828651,-0.013767220522351577,0.06457108583614035,NoChange,VPR
Region_719,1.2359373904141072e-4,-0.036581308265863345,8.331530125122585e-4,Depleted,VPR
Region_720,8.951248904026355e-6,0.02861377802383585,1.2643639076937227e-4,Enriched,VPR
Region_721,6.860404911537748e-5,0.027231995977136526,5.537326821455468e-4,Enriched,VPR
Region_722,0.22860723986990977,-0.008188067492955184,0.293552478469316,NoChange,VPR
Region_723,0.005384629253612664,-0.014438015669520243,0.014316778956664259,Depleted,VPR
Region_725,0.0014573480637670368,-0.02048058564110532,0.00542157468989877,Depleted,VPR
Region_726,6.101156263880547e-5,0.021607333304447897,5.106893761618532e-4,Enriched,VPR
Region_727,0.001816678160440638,-0.036272964870748846,0.006316450219378218,Depleted,VPR
Region_728,2.4595844602098415e-5,-0.037574160242962396,2.663705645790203e-4,Depleted,VPR
Region_729,5.594153780409386e-4,-0.014026321695101165,0.002615454051384364,Depleted,VPR
Region_730,0.02011914745010996,-0.011664312010658992,0.04041713176644312,Depleted,VPR
Region_731,0.9310770589666159,4.3403265717877705e-4,0.9457232149503604,NoChange,VPR
Region_732,9.727947204582391e-6,-0.0382145534868212,1.3324339807488608e-4,Depleted,VPR
Region_733,0.8696717750498779,0.0015196520788047436,0.8964461626511854,NoChange,VPR
Region_734,0.01022395257408485,0.010535818734721432,0.024131731402017503,Enriched,VPR
Region_735,9.793775800813803e-4,-0.02685132353741328,0.004006141775536505,Depleted,VPR
Region_736,5.808449559084687e-4,-0.028431758938929037,0.002692737641750029,Depleted,VPR
Region_737,4.6842197826133624e-5,-0.02325576636878529,4.2600592632596426e-4,Depleted,VPR
Region_738,2.2865163901288735e-6,-0.027340787027499803,4.9214543254202426e-5,Depleted,VPR
Region_739,0.0019716045892522295,-0.022860623108929615,0.006828852676950251,Depleted,VPR
Region_740,5.636588689692461e-6,-0.020210664118591085,8.967769806708892e-5,Depleted,VPR
Region_741,0.001657453080649943,-0.017679963059685014,0.005936553538417029,Depleted,VPR
Region_742,0.0014192896558926427,-0.05061541713399699,0.0053018092930865665,Depleted,VPR
Region_743,8.648168606870693e-5,-0.027301698501097718,6.514953683842588e-4,Depleted,VPR
Region_744,0.003095685191720152,-0.020911965247015017,0.009583902100393895,Depleted,VPR
Region_746,0.28086934498693794,-0.008389512614609964,0.3473404758798795,NoChange,VPR
Region_747,0.0015802036374061809,-0.031425843923877185,0.005736964209699548,Depleted,VPR
Region_748,0.009046743801473424,-0.031843366783664256,0.02191799416781433,Depleted,VPR
Region_749,7.688193867429943e-4,-0.05541713341586062,0.003341407334690706,Depleted,VPR
Region_750,0.8755154370448524,-6.449304656496423e-4,0.9014418622876385,NoChange,VPR
Region_751,0.533946102206242,-0.005217631277560268,0.5996115234713574,NoChange,VPR
Region_752,2.913393217618199e-4,-0.028303622040632945,0.0016359848071333038,Depleted,VPR
Region_753,0.013624254625228491,0.03293230414686876,0.030039819954162335,Enriched,VPR
Region_754,0.38857256623708475,-0.005158751764579874,0.4588803522609374,NoChange,VPR
Region_755,3.024906551785559e-6,0.03306555447002238,6.076701161809212e-5,Enriched,VPR
Region_756,0.8101162650126872,0.00208755539122461,0.8408095333771174,NoChange,VPR
Region_757,0.029283993508448417,-0.02143221045012545,0.054695723412473904,NoChange,VPR
Region_758,0.08044068356157306,-0.00743434350684114,0.12242151168293273,NoChange,VPR
Region_759,1.5603197918645625e-6,0.025678292007147104,3.5263227296139116e-5,Enriched,VPR
Region_760,0.19153421942128304,-0.007103685700316864,0.25462784464241156,NoChange,VPR
Region_761,0.2130087049913468,-0.007541302289464132,0.2770645601614065,NoChange,VPR
Region_762,0.0017303803283034078,-0.018876669256637245,0.006086629637300703,Depleted,VPR
Region_763,0.3271949490377624,-0.007504294174229026,0.39677625212856316,NoChange,VPR
Region_764,0.09903292244748657,-0.04062002056176918,0.1455703445406957,NoChange,VPR
Region_765,0.009505992017239479,-0.015659451976992686,0.02261425469364339,Depleted,VPR
Region_766,0.03650468082735979,-0.01345053328174611,0.0654766497379628,NoChange,VPR
Region_767,0.4849608260199524,-0.007201428070422656,0.552146834662515,NoChange,VPR
Region_768,0.012519277353657631,-0.020582413915363026,0.028293566819266244,Depleted,VPR
Region_769,0.15875725935901625,0.011655057415377099,0.21944428510787567,NoChange,VPR
Region_770,1.1141410149362493e-4,-0.01452015547789359,7.807623856607514e-4,Depleted,VPR
Region_771,0.23309593716503998,-0.01046355418335416,0.29804629023648677,NoChange,VPR
Region_772,0.0038558925208640256,-0.01733051649720035,0.011508070478121408,Depleted,VPR
Region_773,0.00644040228656635,-0.015108864188333591,0.016354279963640396,Depleted,VPR
Region_774,0.027829996653080166,-0.030568850876622946,0.05252856490126302,NoChange,VPR
Region_775,0.07190018294423196,-0.019317369972845944,0.11168000924671082,NoChange,VPR
Region_776,6.3247652286666e-4,-0.01402937584884593,0.0028587938833573028,Depleted,VPR
Region_777,0.02178466910418583,-0.0418284767033306,0.042904882070117625,Depleted,VPR
Region_778,4.190941611600158e-4,-0.025613070011965878,0.002163409813550647,Depleted,VPR
Region_779,0.0017206482685823551,0.029696984011747564,0.006086629637300703,Enriched,VPR
Region_780,1.1832529746019622e-4,-0.027745326163784816,8.04256157173063e-4,Depleted,VPR
Region_781,0.005456609510952654,0.02674012955938672,0.014423318707313448,Enriched,VPR
Region_782,0.11887878228090379,-0.01921760068558949,0.17139779773833655,NoChange,VPR
Region_783,0.11627744866876137,-0.012348488844821676,0.16791503769418575,NoChange,VPR
Region_784,0.05304570063014808,-0.012758689148758103,0.08624696649218322,NoChange,VPR
Region_785,0.0011003060178856215,-0.02330585211324351,0.004362616842844745,Depleted,VPR
Region_786,0.04652262445082902,-0.01110728773854908,0.07773835952596937,NoChange,VPR
Region_787,5.866647335515587e-4,-0.06564611490312644,0.0027045026461980128,Depleted,VPR
Region_789,4.665669573346914e-4,0.04578242915512038,0.002295492184898165,Enriched,VPR
Region_790,4.672240730323699e-4,-0.016097980982510567,0.002295492184898165,Depleted,VPR
Region_791,0.22273379426863874,-0.012755375522883385,0.28641728309935904,NoChange,VPR
Region_792,0.011934094799863832,-0.021695487746124686,0.027613246289951144,Depleted,VPR
Region_793,0.008548499483062562,0.018102898563308323,0.020999574817088466,Enriched,VPR
Region_794,0.14040109030428588,-0.005472228926596175,0.19617092061062508,NoChange,VPR
Region_795,0.6972599365375022,0.0021181580121518227,0.7468281784714478,NoChange,VPR
Region_796,0.2720762178183469,-0.0065302070882163514,0.33785288586234286,NoChange,VPR
Region_797,0.030656909353854785,-0.02496111540664447,0.057024374600585855,NoChange,VPR
Region_798,0.3973823048804374,-0.00956770877497307,0.46653714754794207,NoChange,VPR
Region_799,0.29653503731003744,-0.012314927649602223,0.3632353302551136,NoChange,VPR
Region_800,0.15954736922436563,-0.04133216662092446,0.21986405758967456,NoChange,VPR
Region_801,0.18557374342222602,-0.00526834794889079,0.2475524752537181,NoChange,VPR
Region_802,0.003857240436803967,0.02754445056028134,0.011508070478121408,Enriched,VPR
Region_803,4.871623770874331e-4,-0.012025364011144178,0.0023805123723623757,Depleted,VPR
Region_804,4.2119483095676304e-4,0.020999222265080674,0.002163409813550647,Enriched,VPR
Region_805,0.26441507154357524,-0.005556350839050818,0.3315273573861193,NoChange,VPR
Region_806,4.40652806941394e-4,-0.022400388435799723,0.002237922120646181,Depleted,VPR
Region_807,0.13948816379269857,0.005327156606264313,0.19549969002883646,NoChange,VPR
Region_808,0.2357468317781929,0.0039925120491687855,0.3010100789936248,NoChange,VPR
Region_809,0.0033239657565180478,0.021859712187593954,0.010117390720176145,Enriched,VPR
Region_810,0.15386343040727604,0.008781245732992368,0.21333211823340115,NoChange,VPR
Region_811,0.5679671332894047,-0.002800408399849977,0.6292184908010072,NoChange,VPR
Region_812,0.04021584912826401,-0.024724710382810298,0.06977951556996288,NoChange,VPR
Region_813,1.6825098579862456e-4,0.032562820600515914,0.0010562422997358097,Enriched,VPR
Region_814,5.73772767501846e-6,-0.01849923722066532,8.967769806708892e-5,Depleted,VPR
Region_815,0.12370556281721223,-0.015698682537619073,0.17638774256586728,NoChange,VPR
Region_816,3.4697482086040477e-4,-0.03182960156770479,0.0018791520081989698,Depleted,VPR
Region_817,0.008379003283663589,0.023206096631834778,0.020695680241617172,Enriched,VPR
Region_818,0.13253003303686728,-0.027298002444480673,0.1869066300551139,NoChange,VPR
Region_820,0.016688328566103697,-0.06334721790468417,0.03531369042816733,Depleted,VPR
Region_821,0.46083532404588046,0.003346329993049026,0.5293457851810368,NoChange,VPR
Region_822,2.4751247151147903e-5,0.027126588264362407,2.663705645790203e-4,Enriched,VPR
Region_823,4.1249712393787845e-5,-0.031972057590898495,3.8843479170816886e-4,Depleted,VPR
Region_824,0.021040285938019477,-0.021691878151077502,0.04180311755597716,Depleted,VPR
Region_825,0.0010128420963443183,-0.07714038490595143,0.0040875413173895704,Depleted,VPR
Region_826,1.6590612995276237e-4,-0.027716601524246442,0.0010559812319716928,Depleted,VPR
Region_827,2.0706119807815878e-5,0.04506588956737262,2.3997861931109683e-4,Enriched,VPR
Region_828,2.10191980958217e-4,-0.02260212883353605,0.001250089149909396,Depleted,VPR
Region_829,1.3270519897422842e-4,-0.03034592056449547,8.669893644112388e-4,Depleted,VPR
Region_830,1.7422714489168022e-4,-0.01605991156399157,0.0010862161309108892,Depleted,VPR
Region_831,2.5595161998442843e-5,-0.025525021427281875,2.7076882707435763e-4,Depleted,VPR
Region_832,0.6161351096418889,0.003030473152410322,0.6718771280051479,NoChange,VPR
Region_833,0.0835477735083091,0.011552091249774927,0.1258786454191857,NoChange,VPR
Region_834,0.06413795518734336,-0.013277968612447823,0.10101169249017142,NoChange,VPR
Region_835,0.016708573396865694,-0.021596321941638793,0.03531369042816733,Depleted,VPR
Region_836,2.1194345710613556e-5,-0.027183042320200378,2.4007692632719638e-4,Depleted,VPR
Region_837,0.002801975452778207,-0.046171012800919266,0.008825734527217766,Depleted,VPR
Region_838,0.10484873962809417,-0.007575259018741702,0.152876226812576,NoChange,VPR
Region_839,0.012425953750813238,-0.01558623479196167,0.028223774348580824,Depleted,VPR
Region_840,5.2062021418766694e-5,-0.020570355760877512,4.5693269284043775e-4,Depleted,VPR
Region_841,0.8892727825658083,-3.590321931331284e-4,0.9124887575930655,NoChange,VPR
Region_842,0.5512623473808458,0.004079584273808706,0.6152360025089934,NoChange,VPR
Region_843,0.5107512105926031,-0.003278583799970681,0.5771488679696415,NoChange,VPR
Region_844,0.003289488151655226,-0.020556144255894207,0.010046274625325419,Depleted,VPR
Region_845,0.05156476873522954,-0.011978692500665328,0.0845205333583648,NoChange,VPR
Region_846,0.020403684924839276,-0.018086868497060267,0.040889825908763076,Depleted,VPR
Region_847,9.843921008164307e-7,-0.03835788653348342,2.542544168965867e-5,Depleted,VPR
Region_848,0.25601963725493265,-0.012842481887232138,0.3227918439030113,NoChange,VPR
Region_849,0.05160988320112541,0.008833478671409089,0.0845205333583648,NoChange,VPR
Region_850,0.7928818414501975,0.0011263573773566174,0.8267187827808287,NoChange,VPR
Region_851,0.0786815789595781,-0.01098007271599632,0.12055618199908238,NoChange,VPR
Region_852,4.8279494046576174e-5,0.024299127449479294,4.2788884919710653e-4,Enriched,VPR
Region_854,0.006522497987352116,-0.022338126286557125,0.016516353446964463,Depleted,VPR
Region_855,0.9457925734351106,6.889763311407476e-4,0.9595920161451628,NoChange,VPR
Region_856,0.21421727773391933,0.007386266273453737,0.27808307809199534,NoChange,VPR
Region_857,3.8274320094853326e-4,0.025037370380648377,0.002011627056148105,Enriched,VPR
Region_858,0.1309375416633912,-0.005186815522697182,0.1852387130887412,NoChange,VPR
Region_859,0.3869611787283453,-0.006752666411006619,0.45847038737932394,NoChange,VPR
Region_860,0.615235277998808,0.003259670758851622,0.6718771280051479,NoChange,VPR
Region_861,6.779313788419297e-5,0.0294430057285578,5.521170869127068e-4,Enriched,VPR
Region_862,0.004638592164177257,0.026210947765237306,0.01290242251204997,Enriched,VPR
Region_863,0.0012234684028546994,-0.02591731243195517,0.004726561693079693,Depleted,VPR
Region_864,1.3270585452076008e-4,0.016304554189007735,8.669893644112388e-4,Enriched,VPR
Region_865,0.002899724958763613,-0.035428311731471006,0.009101914453896897,Depleted,VPR
Region_866,0.0041672877928535974,0.02832869960824514,0.011959454491236992,Enriched,VPR
Region_867,1.5334708758912253e-6,0.032007673937738165,3.5263227296139116e-5,Enriched,VPR
Region_868,0.6036043453395583,0.00413774896014267,0.6638179175023853,NoChange,VPR
Region_869,0.00458295034686126,-0.01815568480723138,0.012794268939723697,Depleted,VPR
Region_870,0.1234765703527911,0.00936643051727673,0.1763393674548549,NoChange,VPR
Region_871,0.012201453712991226,-0.029920670578718975,0.02792433963682043,Depleted,VPR
Region_872,0.2772607824992451,-0.007172563212750219,0.34381858351072364,NoChange,VPR
Region_873,0.5430208726310229,-0.0025752381345127483,0.6082910394776266,NoChange,VPR
Region_874,0.6755644440681758,0.0026097869256313743,0.7261715308414161,NoChange,VPR
Region_875,0.07941653596169965,0.025385658073190986,0.12127119680637918,NoChange,VPR
Region_876,0.043901147080772925,0.012057929180745944,0.07453650447114045,NoChange,VPR
Region_877,4.712454937234118e-5,0.03040973233298399,4.2600592632596426e-4,Enriched,VPR
Region_878,2.2475067948870285e-8,0.02399486260759434,1.2698413391111712e-6,Enriched,VPR
Region_879,0.0015122601308528467,-0.024098569687539997,0.005602215245680203,Depleted,VPR
Region_880,0.8977608305915736,8.714459160640364e-4,0.917034791926308,NoChange,VPR
Region_881,6.0133223847409916e-5,-0.03862691029452381,5.080414425986782e-4,Depleted,VPR
Region_882,0.7680067221086306,-0.0019508405566909088,0.8092071615759302,NoChange,VPR
Region_883,0.015188696842077565,-0.016764075734110668,0.03284828216564144,Depleted,VPR
Region_884,0.0038908879306345503,-0.02810555559757496,0.011532336686208634,Depleted,VPR
Region_885,0.007757401248735136,-0.018673528988243298,0.019265633870485063,Depleted,VPR
Region_886,0.07908131046555388,-0.01847260527831867,0.12096362886778461,NoChange,VPR
Region_887,0.3508213300921553,-0.006317517510571543,0.4222935850909566,NoChange,VPR
Region_888,0.05907349056586254,-0.01448806801004812,0.09418418954416179,NoChange,VPR
Region_889,5.059243695490892e-4,-0.03992671243249048,0.002445752032472602,Depleted,VPR
Region_890,0.03605400724765996,-0.01792525581291974,0.06487047121850352,NoChange,VPR
Region_891,0.10273783517912935,0.014277804464538755,0.1505267471668281,NoChange,VPR
Region_892,0.0031230361966492442,0.023689918619374653,0.009635579255190842,Enriched,VPR
Region_893,0.42468318528909554,0.006016116062860496,0.49346221015596703,NoChange,VPR
Region_894,0.6496620179521599,0.005245622777898423,0.703346663747009,NoChange,VPR
Region_896,0.0013892295499620315,-0.02516374676813762,0.005232764638190318,Depleted,VPR
Region_897,0.6685848775125325,0.003346028442407075,0.7203822756511673,NoChange,VPR
Region_899,0.02440460540093677,-0.02081150051431699,0.04744465222031578,Depleted,VPR
Region_900,1.3752858951039181e-5,-0.055960103441956253,1.828321248785209e-4,Depleted,VPR
Region_901,9.102169807247841e-4,-0.03355400972964245,0.003740164320796386,Depleted,VPR
Region_902,4.432888237264863e-4,-0.027225902320351634,0.002238732383512534,Depleted,VPR
Region_903,0.011071953437379083,-0.022678728378954075,0.025732922941534626,Depleted,VPR
Region_904,2.0857283532948348e-4,0.026764752217562113,0.0012486744578665766,Enriched,VPR
Region_906,0.009712848424413433,-0.010173115100735295,0.023045708597558383,Depleted,VPR
Region_907,0.9973841034240768,-1.9184659490219096e-5,0.9984886262407148,NoChange,VPR
Region_908,2.973748679164556e-7,0.0275747774485098,9.644399311920414e-6,Enriched,VPR
Region_909,0.19969354426826025,0.004967216724467732,0.2631530087733342,NoChange,VPR
Region_910,0.24565221604315843,0.00880248940038904,0.31277408915917637,NoChange,VPR
Region_911,0.5123205331818648,-0.004124073349433579,0.5781994531790334,NoChange,VPR
Region_912,0.26881818147060665,-0.007694602040172619,0.33472677141794543,NoChange,VPR
Region_913,0.0011783109455707538,0.03311121754760024,0.0046218547983036444,Enriched,VPR
Region_914,0.05733461393576642,0.014146208970282821,0.09188313384633992,NoChange,VPR
Region_915,0.8837050852318314,-0.0014875850852454782,0.90883890449326,NoChange,VPR
Region_916,0.12535826591451998,0.009082122233204539,0.17790246842500168,NoChange,VPR
Region_917,0.18499399435352037,-0.006014091747675263,0.24738841848458937,NoChange,VPR
Region_918,0.195959779586398,0.007103889609208626,0.2597472738212665,NoChange,VPR
Region_919,0.0047427940130140836,-0.01951698446833589,0.013071603011477839,Depleted,VPR
Region_920,0.021204797364964865,0.011896035460719245,0.042037580741070696,Enriched,VPR
Region_921,5.944193430474212e-5,-0.021000476257909784,5.069387604857254e-4,Depleted,VPR
Region_922,0.01920172008027206,0.012544560076396297,0.03909539403731068,Enriched,VPR
Region_923,0.7768914387512832,-0.0012651535287289083,0.8138005337556894,NoChange,VPR
Region_924,0.037582900310769426,0.024948523455355733,0.06677372297562534,NoChange,VPR
Region_925,0.005418212530309252,-0.026719726626630268,0.014363824420526578,Depleted,VPR
Region_926,0.0053386479025664775,-0.024367561679766406,0.014316778956664259,Depleted,VPR
Region_927,0.027865293570661958,0.019566317928946426,0.05252856490126302,NoChange,VPR
Region_928,0.002687192048285308,-0.038028780496289376,0.008644916767437432,Depleted,VPR
Region_929,1.8829840230621686e-17,0.027897005977546532,5.794575098794673e-15,Enriched,VPR
Region_930,0.006120693304638491,-0.025465906741720903,0.015808876421123413,Depleted,VPR
Region_931,0.07624520005941547,0.00967423059832367,0.11762058166162387,NoChange,VPR
Region_932,0.014885790975214723,0.023888176845269792,0.03232247639627371,Enriched,VPR
Region_934,0.0016784324256652653,-0.033098799084836025,0.005973633514966141,Depleted,VPR
Region_935,5.4058219027438804e-6,-0.05657591874305206,8.967769806708892e-5,Depleted,VPR
Region_937,9.431725370830671e-5,0.022525626304237184,6.876032044541069e-4,Enriched,VPR
Region_938,5.427902713798307e-5,0.026830686277541312,4.718100051224682e-4,Enriched,VPR
Region_940,0.06654718651499586,-0.039683699575646936,0.1044421121693685,NoChange,VPR
Region_941,0.6889729595505666,0.0027276352792676263,0.7388274678928971,NoChange,VPR
Region_942,0.035669117419467836,0.021464286501849453,0.06457108583614035,NoChange,VPR
Region_943,0.0039052783996765313,-0.012357094258552578,0.011537162331070537,Depleted,VPR
